photo_id,dht_id,dqt_id,chr_id,width,height,quality,has_dri,has_thumbnail,marker_cnt,marker_order,marker_size,ifd_order,ifd_size,ifd0_unknown,ifd1_unknown,ifds_unknown,ifdi_unknown,ifdg_unknown,ifd0_bit,ifd1_bit,ifds_bit,ifdi_bit,ifdg_bit,ifd0_ImageDescription,ifd0_Make,ifd0_Model,ifd0_Orientation,ifd0_XResolution,ifd0_YResolution,ifd0_ResolutionUnit,ifd0_Software,ifd0_DateTime,ifd0_Artist,ifd0_WhitePoint,ifd0_PrimChromaticities,ifd0_YCbCrCoefficients,ifd0_YCbCrPositioning,ifd0_ReferenceBlackWhite,ifd0_Copyright,ifd0_ExifOffset,ifd0_GPSOffset,ifd0_XPTitle,ifd0_XPComment,ifd0_XPAuthor,ifd0_XPKeywords,ifd0_XPSubject,ifd0_CustomRendered,ifd0_ExposureMode,ifd0_WhiteBalance,ifd0_SceneCaptureType,ifd1_ImageWidth,ifd1_ImageLength,ifd1_BitsPerSample,ifd1_Compression,ifd1_PhotometricInterpretation,ifd1_StripOffsets,ifd1_SamplesPerPixel,ifd1_RowsPerStrip,ifd1_StripByteConunts,ifd1_XResolution,ifd1_YResolution,ifd1_PlanarConfiguration,ifd1_ResolutionUnit,ifd1_JpegIFOffset,ifd1_JpegIFByteCount,ifd1_YCbCrCoefficients,ifd1_YCbCrSubSampling,ifd1_YCbCrPositioning,ifd1_ReferenceBlackWhite,ifds_NewSubfileType,ifds_SubfileType,ifds_TransferFunction,ifds_Artist,ifds_Predictor,ifds_TileWidth,ifds_TileLength,ifds_TileOffsets,ifds_TileByteCounts,ifds_SubIFDs,ifds_JPEGTables,ifds_CFARepeatPatternDim,ifds_CFAPattern1,ifds_BatteryLevel,ifds_ExposureTime,ifds_FNumber,ifds_IPTC,ifds_InterColorProfile,ifds_ExposureProgram,ifds_SpectralSensitivity,ifds_GPSInfo,ifds_ISOSpeedRatings,ifds_OECF,ifds_Interlace,ifds_TimeZoneOffset,ifds_SelfTimerMode,ifds_ExifVersion,ifds_DateTimeOriginal,ifds_DateTimeDigitized,ifds_ComponentsConfiguration,ifds_CompressedBitsPerPixel,ifds_ShutterSpeedValue,ifds_ApertureValue,ifds_BrightnessValue,ifds_ExposureBiasValue,ifds_MaxApertureValue,ifds_SubjectDistance,ifds_MeteringMode,ifds_LightSource,ifds_Flash,ifds_FocalLength,ifds_FlashEnergy,ifds_SpatialFrequencyResponse1,ifds_Noise,ifds_ImageNumber,ifds_SecurityClassification,ifds_ImageHistory,ifds_SubjectLocation1,ifds_ExposureIndex1,ifds_TIFF,ifds_MakerNote,ifds_UserComment,ifds_SubSecTime,ifds_SubSecTimeOriginal,ifds_SubSecTimeDigitized,ifds_FlashPixVersion,ifds_ColorSpace,ifds_ExifImageWidth,ifds_ExifImageHeight,ifds_RelatedSoundFile,ifds_ExifInteroperabilityOffset,ifds_FlashEnergyUnsigned,ifds_SpatialFrequencyResponse2,ifds_FocalPlaneXResolution,ifds_FocalPlaneYResolution,ifds_FocalPlaneResolutionUnit,ifds_SubjectLocation2,ifds_ExposureIndex2,ifds_SensingMethod,ifds_FileSource,ifds_SceneType,ifds_CFAPattern2,ifds_CustomRendered,ifds_ExposureMode,ifds_WhiteBalance,ifds_DigitalZoomRatio,ifds_FocalLengthIn35mmFilm,ifds_SceneCaptureType,ifds_GainControl,ifds_Contrast,ifds_Saturation,ifds_Sharpness,ifds_DeviceSettingDescription,ifds_SubjectDistanceRange,ifds_ImageUniqueID,ifdi_InteroperabilityIndex,ifdi_InteroperabilityVersion,ifdi_RelatedImageFileFormat,ifdi_RelatedImageWidth,ifdi_RelatedImageLength,ifdg_GPSVersionID,ifdg_GPSLatitudeRef,ifdg_GPSLatitude,ifdg_GPSLongitudeRef,ifdg_GPSLongitude,ifdg_GPSAltitudeRef,ifdg_GPSAltitude,ifdg_GPSTimeStamp,ifdg_GPSSatellites,ifdg_GPSStatus,ifdg_GPSMeasureMode,ifdg_GPSDOP,ifdg_GPSSpeedRef,ifdg_GPSSpeed,ifdg_GPSTrackRef,ifdg_GPSTrack,ifdg_GPSImgDirectionRef,ifdg_GPSImgDirection,ifdg_GPSMapDatum,ifdg_GPSDestLatitudeRef,ifdg_GPSDestLatitude,ifdg_GPSDestLongitudeRef,ifdg_GPSDestLongitude,ifdg_GPSDestBearingRef,ifdg_GPSDestBearing,ifdg_GPSDestDistanceRef,ifdg_GPSDestDistance,ifdg_GPSProcessingMethod,ifdg_GPSAreaInformation,ifdg_GPSDateStamp,ifdg_GPSDifferential,whitelist
10000218205,1,1,4,1840,3264,94.975,0,0,7,1:2:3:4:5:6:7,0:2:31807:134:19:420:1749609,5:0:2:3:4:1,0:20:302:270:30:6,0,0,0,0,0,011011100000010011000000000,0001000001101110000,0000000000000010000001000011110010100101100000000000000111101000000000000000000000000,11000,0000000000000000000000000000000,,15,1414,,72/1,72/1,Inch,1,,,,,,Centered,,,"@ 0x0136","@ 0x0262",,,,,,,,,,,,,JPEG,,,,,,72/1,72/1,,Inch,"@ +0x02C6 = @ 0x02D2","0x[0000796F] / 31087",,,,,,,,,,,,,,,,,,,"530/1000000 s",,,,,,,102,,,,,02.20,"2013:08:19 15:56:42","2013:08:19 15:56:42","[Y Cb Cr .]",,,2000000/1000000,,"0.00 eV",,,CenterWeightedAverage,,"Flash did not fire","4 mm",,,,,,,,,,,,,,,01.00,sRGB,"0x[00000730] / 1840","0x[00000CC0] / 3264",,"@ 0x0244",,,,,,,,,,,,,,,,,,,,,,,,,R98,01.00,,,,,,,,,,,,,,,,,,,,,,,,,,,,,,,,,,,1
1000031077,1,239,3,960,1280,89.83500000000001,0,0,11,1:2:3:3:4:5:5:5:5:6:7,0:2:17546:69:69:19:33:183:33:183:287081,4:0:2:5:1,0:20:320:358:1568,4,4,0,0,0,111011101000010010000001111,0001000001101110000,0000000000000011001001000011111000110111100000000010000111100000000001100000000000000,00000,0000000000000000000000000000000,,7,730,,72/1,72/1,Inch,1,"2007:07:22 11:15:11",,,,,Co-sited,,,"@ 0x0148",,,,,,,"Normal process","Manual exposure","Auto white balance",Standard,,,,JPEG,,,,,,72/1,72/1,,Inch,"@ +0x097E = @ 0x098A","0x[00003B02] / 15106",,,,,,,,,,,,,,,,,,,"10/400 s",F2.8,,,"Normal program",,,80,,,,,02.20,"2007:07:22 11:15:11","2007:07:22 11:15:11","[Y Cb Cr .]",4/1,,,,"0.70 eV",48/16,,Spot,unknown,"Flash fired","5 mm",,,,,,,,,,"@ 0x02AE",,,,,01.00,sRGB,"0x[000003C0] / 960","0x[00000500] / 1280",,,,,,,,,,,DSC,"A directly photographed image",,,,,,,,,,,,,,,,,,,,,,,,,,,,,,,,,,,,,,,,,,,,,,,,,,,1
10000496914,1,642,2,4288,2848,97.44,0,0,7,1:2:3:4:5:6:7,0:2:65536:134:19:420:6457518,0:2:5:3:4:1,20:220:636:33750:30:20,0,0,0,0,0,011111111000010011000000000,0001000001101110010,0000000000000011001001000011111000110111100000000011111111101000000011101111111111010,11000,1000000000000000000000000000000,,6,8,"1 = Row 0: top, Col 0: left",300/1,300/1,Inch,7,"2011:06:06 09:44:39",,,,,Co-sited,,,"@ 0x00E4","@ 0x8754",,,,,,,,,,,,,JPEG,,,,,,300/1,300/1,,Inch,"@ +0x87D4 = @ 0x87E0","0x[00002525] / 9509",,,Co-sited,,,,,,,,,,,,,,,,"10/32000 s",F4.0,,,Manual,,,200,,,,,02.21,"2011:06:06 09:44:39","2011:06:06 09:44:39","[Y Cb Cr .]",4/1,,,,"0.00 eV",40/10,,Pattern,unknown,"Flash did not fire","28 mm",,,,,,,,,,"@ 0x0360",,00,00,00,01.00,sRGB,4288,2848,,"@ 0x8736",,,,,,,,"One-chip color area sensor",DSC,"A directly photographed image",,"Normal process","Manual exposure","Auto white balance",1/1,42,Standard,0,0,0,0,,0,,R98,01.00,,,,2.2.0.0,,,,,,,,,,,,,,,,,,,,,,,,,,,,,,,1
10000505715,1,305,2,3264,2448,96.205,0,1,7,1:2:3:4:5:6:7,0:2:11776:134:19:420:3233571,4:0:2:5:3:1,0:20:188:482:2402:78,0,0,0,0,0,011111101000010010000000000,0001000001101110000,0000000000000011000000000011111110110101100000000011000111101001110011001111010000000,11011,0000000000000000000000000000000,,14,421,"8 = Row 0: left, Col 0: botto",180/1,180/1,Inch,1,"2013:09:23 14:31:36",,,,,Centered,,,"@ 0x00C4",,,,,,,,,,,,,,JPEG,,,,,,180/1,180/1,,Inch,"@ +0x13F4 = @ 0x1400","0x[000018B1] / 6321",,,,,,,,,,,,,,,,,,,"1/1250 s",F3.5,,,,,,,,,,,02.20,"2013:09:23 14:31:36","2013:09:23 14:31:36","[Y Cb Cr .]",5/1,329/32,116/32,,"0.00 eV",116/32,,Pattern,,"Flash did not fire","15 mm",,,,,,,,,,"@ 0x02A6",,,,,01.00,sRGB,3264,2448,,"@ 0x0C08",,,3264000/286,2448000/214,Inch,,,"One-chip color area sensor",DSC,,,"Normal process","Auto exposure","Auto white balance",3264/3264,,Standard,,,,,,,,R98,01.00,,3264,2448,,,,,,,,,,,,,,,,,,,,,,,,,,,,,,,,1
10000508355,1,305,2,3264,2448,96.205,0,1,7,1:2:3:4:5:6:7,0:2:12288:134:19:420:4693101,4:0:2:5:3:1,0:20:188:482:2402:78,0,0,0,0,0,011111101000010010000000000,0001000001101110000,0000000000000011000000000011111110110101100000000011000111101001110011001111010000000,11011,0000000000000000000000000000000,,14,421,"8 = Row 0: left, Col 0: botto",180/1,180/1,Inch,1,"2013:09:23 14:30:51",,,,,Centered,,,"@ 0x00C4",,,,,,,,,,,,,,JPEG,,,,,,180/1,180/1,,Inch,"@ +0x13F4 = @ 0x1400","0x[00001B54] / 6996",,,,,,,,,,,,,,,,,,,"1/1000 s",F2.8,,,,,,,,,,,02.20,"2013:09:23 14:30:51","2013:09:23 14:30:51","[Y Cb Cr .]",5/1,319/32,95/32,,"0.00 eV",95/32,,Pattern,,"Flash did not fire","7 mm",,,,,,,,,,"@ 0x02A6",,,,,01.00,sRGB,3264,2448,,"@ 0x0C08",,,3264000/286,2448000/214,Inch,,,"One-chip color area sensor",DSC,,,"Normal process","Auto exposure","Auto white balance",3264/3264,,Standard,,,,,,,,R98,01.00,,3264,2448,,,,,,,,,,,,,,,,,,,,,,,,,,,,,,,,1
10000667,1,235,2,2560,1920,85.99000000000001,0,1,7,1:2:3:5:4:6:7,0:2:55367:199:420:19:885155,4:0:2:1:3:5,0:20:334:688:94:30,1,0,0,0,0,111111111000010010000000000,0001000001101110000,0000000000000011001001000011111001110111100000010011000111101000000001101111111111010,11000,0000000000000000000000000000000,"KONICA MINOLTA DIGITAL CAMERA",41,1142,"1 = Row 0: top, Col 0: left",72/1,72/1,Inch,819,"2005:04:17 01:35:59",,,,,Co-sited,,,"@ 0x0156",,,,,,,,,,,,,,JPEG,,,,,,72/1,72/1,,Inch,"@ +0x0FF4 = @ 0x1000","0x[000013E4] / 5092",,,,,,,,,,,,,,,,,,,"10/900 s",F2.8,,,"Normal program",,,50,,,,,02.20,"2005:04:17 01:35:59","2005:04:17 01:35:59","[Y Cb Cr .]",2/1,,,42/10,"0.00 eV",297/100,,Pattern,unknown,"Flash did not fire","6 mm",,,,,,,"1280, 960, 640, 480",,,"@ 0x0482",,,,,01.00,sRGB,"0x[00000A00] / 2560","0x[00000780] / 1920",,"@ 0x0464",,,,,,,,,DSC,"A directly photographed image",,"Normal process","Auto exposure","Auto white balance",0/100,37,Standard,0,0,0,0,,3,,R98,01.00,,,,,,,,,,,,,,,,,,,,,,,,,,,,,,,,,,,1
10000673986,1,34,2,4288,2848,98.205,0,0,7,1:2:3:4:5:6:7,0:2:65536:134:19:420:4168919,0:2:5:3:4:1,20:220:636:33868:32:20,0,0,0,0,0,011111111000010011000000000,0001000001101110010,0000000000000011001001000011111000110111100000000011111111101000000011101111111111010,11000,1000000000000000000000000000000,,6,8,"1 = Row 0: top, Col 0: left",300/1,300/1,Inch,7,"2011:08:10 11:31:10",,,,,Co-sited,,,"@ 0x00E4","@ 0x87CC",,,,,,,,,,,,,JPEG,,,,,,300/1,300/1,,Inch,"@ +0x884C = @ 0x8858","0x[00002441] / 9281",,,Co-sited,,,,,,,,,,,,,,,,"10/5000 s",F11.0,,,"Not defined",,,200,,,,,02.21,"2011:08:10 11:31:10","2011:08:10 11:31:10","[Y Cb Cr .]",4/1,,,,"0.00 eV",36/10,,Pattern,unknown,"Flash did not fire","18 mm",,,,,,,,,,"@ 0x0360",,00,00,00,01.00,sRGB,4288,2848,,"@ 0x87AC",,,,,,,,"One-chip color area sensor",DSC,"A directly photographed image",,"Normal process","Auto exposure","Auto white balance",1/1,27,Landscape,0,0,0,0,,0,,R98,01.00,,,,2.2.0.0,,,,,,,,,,,,,,,,,,,,,,,,,,,,,,,1
10000677214,1,34,2,4288,2848,98.205,0,0,7,1:2:3:4:5:6:7,0:2:65536:134:19:420:6652670,0:2:5:3:4:1,20:220:636:32860:32:20,0,0,0,0,0,011111111000010011000000000,0001000001101110010,0000000000000011001001000011111000110111100000000011111111101000000011101111111111010,11000,1000000000000000000000000000000,,6,8,"1 = Row 0: top, Col 0: left",300/1,300/1,Inch,7,"2011:08:09 10:40:05",,,,,Co-sited,,,"@ 0x00E4","@ 0x83DC",,,,,,,,,,,,,JPEG,,,,,,300/1,300/1,,Inch,"@ +0x845C = @ 0x8468","0x[000023C2] / 9154",,,Co-sited,,,,,,,,,,,,,,,,"10/2500 s",F10.0,,,"Not defined",,,220,,,,,02.21,"2011:08:09 10:40:05","2011:08:09 10:40:05","[Y Cb Cr .]",4/1,,,,"0.00 eV",36/10,,Pattern,unknown,"Flash did not fire","18 mm",,,,,,,,,,"@ 0x0360",,00,00,00,01.00,sRGB,4288,2848,,"@ 0x83BC",,,,,,,,"One-chip color area sensor",DSC,"A directly photographed image",,"Normal process","Auto exposure","Auto white balance",1/1,27,Landscape,0,0,0,0,,0,,R98,01.00,,,,2.2.0.0,,,,,,,,,,,,,,,,,,,,,,,,,,,,,,,1
10000705054,1,34,2,4288,2848,98.205,0,0,7,1:2:3:4:5:6:7,0:2:65536:134:19:420:5897205,0:2:5:3:4:1,20:220:636:33616:32:20,0,0,0,0,0,011111111000010011000000000,0001000001101110010,0000000000000011001001000011111000110111100000000011111111101000000011101111111111010,11000,1000000000000000000000000000000,,6,8,"1 = Row 0: top, Col 0: left",300/1,300/1,Inch,7,"2011:08:09 10:38:51",,,,,Co-sited,,,"@ 0x00E4","@ 0x86D0",,,,,,,,,,,,,JPEG,,,,,,300/1,300/1,,Inch,"@ +0x8750 = @ 0x875C","0x[00002421] / 9249",,,Co-sited,,,,,,,,,,,,,,,,"10/20000 s",F4.0,,,Manual,,,200,,,,,02.21,"2011:08:09 10:38:51","2011:08:09 10:38:51","[Y Cb Cr .]",4/1,,,,"0.00 eV",40/10,,Pattern,unknown,"Flash did not fire","26 mm",,,,,,,,,,"@ 0x0360",,00,00,00,01.00,sRGB,4288,2848,,"@ 0x86B0",,,,,,,,"One-chip color area sensor",DSC,"A directly photographed image",,"Normal process","Manual exposure","Auto white balance",1/1,39,Standard,0,0,0,2,,0,,R98,01.00,,,,2.2.0.0,,,,,,,,,,,,,,,,,,,,,,,,,,,,,,,1
10000734914,1,303,2,5184,3456,97.4,0,1,7,1:2:3:4:5:6:7,0:2:20702:134:19:420:6831991,4:0:2:5:3:1,0:20:340:466:7782:46,0,0,0,0,0,011111101100010110000000000,0001000001101110000,0000000000000011001001000011110110100101100000000011111111101001110000001110010000000,11000,0000000000000000000000000000000,,14,53,"1 = Row 0: top, Col 0: left",72/1,72/1,Inch,1,"2013:08:15 18:31:24",,,,,Co-sited,,,"@ 0x015C",,,,,,,,,,,,,,JPEG,,,,,,72/1,72/1,,Inch,"@ +0x2220 = @ 0x222C","0x[00002EB1] / 11953",,,,,,,,,,,,,,,,,,,"1/125 s",F11.0,,,"Landscape mode",,,100,,,,,02.21,"2013:08:15 18:31:24","2013:08:15 18:31:24","[Y Cb Cr .]",,458752/65536,458752/65536,,"0.00 eV",,,Pattern,,"Flash did not fire","18 mm",,,,,,,,,,"@ 0x032E",,30,30,30,01.00,sRGB,5184,3456,,"@ 0x2194",,,5184000/905,3456000/595,Inch,,,,,,,"Normal process","Auto exposure","Auto white balance",,,Standard,,,,,,,,R98,01.00,,,,,,,,,,,,,,,,,,,,,,,,,,,,,,,,,,,1
10000783844,1,109,2,3008,2000,96.97999999999999,0,0,7,1:2:3:4:5:6:7,0:2:40687:134:19:420:2644926,0:2:5:3:4:1,20:212:574:2810:30:134,0,0,0,0,0,011111111000010011000000000,0001000001101110010,0000000000000011001001000011111000110111100000000011111111101000000011101111111111010,11000,1111100010000000000000000000000,,6,162,"1 = Row 0: top, Col 0: left",300/1,300/1,Inch,266,"2013:09:15 10:17:09",,,,,Co-sited,,,"@ 0x00DC","@ 0x0E32",,,,,,,,,,,,,JPEG,,,,,,300/1,300/1,,Inch,"@ +0x0F22 = @ 0x0F2E","0x[00002207] / 8711",,,Co-sited,,,,,,,,,,,,,,,,"10/500 s",F3.8,,,"Normal program",,,1600,,,,,02.21,"2013:09:15 10:17:09","2013:09:15 10:17:09","[Y Cb Cr .]",4/1,,,,"-0.33 eV",38/10,,Pattern,unknown,"Flash did not fire","23 mm",,,,,,,,,,"@ 0x031A",,60,60,60,01.00,sRGB,3008,2000,,"@ 0x0E14",,,,,,,,"One-chip color area sensor",DSC,"A directly photographed image",,"Normal process","Auto exposure","Auto white balance",1/1,34,Standard,2,0,2,2,,0,,R98,01.00,,,,0.0.2.2,S,"7 deg 8 37.453",E,"107 deg 30 52.157",,,,"1357.281 m",,,,,,,,,,,,,,,,,,,,,,,1
10000811034,1,34,2,4288,2848,98.205,0,0,7,1:2:3:4:5:6:7,0:2:65536:134:19:420:5723357,0:2:5:3:4:1,20:220:636:34354:30:20,0,0,0,0,0,011111111000010011000000000,0001000001101110010,0000000000000011001001000011111000110111100000000011111111101000000011101111111111010,11000,1000000000000000000000000000000,,6,8,"1 = Row 0: top, Col 0: left",300/1,300/1,Inch,7,"2011:08:07 17:38:50",,,,,Co-sited,,,"@ 0x00E4","@ 0x89B0",,,,,,,,,,,,,JPEG,,,,,,300/1,300/1,,Inch,"@ +0x8A30 = @ 0x8A3C","0x[000025AF] / 9647",,,Co-sited,,,,,,,,,,,,,,,,"10/2500 s",F10.0,,,"Not defined",,,400,,,,,02.21,"2011:08:07 17:38:50","2011:08:07 17:38:50","[Y Cb Cr .]",4/1,,,,"0.00 eV",36/10,,Pattern,unknown,"Flash did not fire","18 mm",,,,,,,,,,"@ 0x0360",,00,00,00,01.00,sRGB,4288,2848,,"@ 0x8992",,,,,,,,"One-chip color area sensor",DSC,"A directly photographed image",,"Normal process","Auto exposure","Auto white balance",1/1,27,Landscape,1,0,0,0,,0,,R98,01.00,,,,2.2.0.0,,,,,,,,,,,,,,,,,,,,,,,,,,,,,,,1
10000820916,1,34,2,4288,2848,98.205,0,0,7,1:2:3:4:5:6:7,0:2:65536:134:19:420:5927742,0:2:5:3:4:1,20:220:636:34866:30:20,0,0,0,0,0,011111111000010011000000000,0001000001101110010,0000000000000011001001000011111000110111100000000011111111101000000011101111111111010,11000,1000000000000000000000000000000,,6,8,"1 = Row 0: top, Col 0: left",300/1,300/1,Inch,7,"2011:08:07 17:40:17",,,,,Co-sited,,,"@ 0x00E4","@ 0x8BB0",,,,,,,,,,,,,JPEG,,,,,,300/1,300/1,,Inch,"@ +0x8C30 = @ 0x8C3C","0x[000024FC] / 9468",,,Co-sited,,,,,,,,,,,,,,,,"10/1600 s",F9.0,,,"Not defined",,,400,,,,,02.21,"2011:08:07 17:40:17","2011:08:07 17:40:17","[Y Cb Cr .]",4/1,,,,"0.00 eV",36/10,,Pattern,unknown,"Flash did not fire","18 mm",,,,,,,,,,"@ 0x0360",,00,00,00,01.00,sRGB,4288,2848,,"@ 0x8B92",,,,,,,,"One-chip color area sensor",DSC,"A directly photographed image",,"Normal process","Auto exposure","Auto white balance",1/1,27,Landscape,1,0,0,0,,0,,R98,01.00,,,,2.2.0.0,,,,,,,,,,,,,,,,,,,,,,,,,,,,,,,1
10000862193,1,34,2,4288,2848,98.205,0,0,7,1:2:3:4:5:6:7,0:2:65536:134:19:420:6025119,0:2:5:3:4:1,20:220:636:33848:32:20,0,0,0,0,0,011111111000010011000000000,0001000001101110010,0000000000000011001001000011111000110111100000000011111111101000000011101111111111010,11000,1000000000000000000000000000000,,6,8,"1 = Row 0: top, Col 0: left",300/1,300/1,Inch,7,"2011:08:09 10:38:17",,,,,Co-sited,,,"@ 0x00E4","@ 0x87B8",,,,,,,,,,,,,JPEG,,,,,,300/1,300/1,,Inch,"@ +0x8838 = @ 0x8844","0x[0000250D] / 9485",,,Co-sited,,,,,,,,,,,,,,,,"10/32000 s",F3.5,,,Manual,,,200,,,,,02.21,"2011:08:09 10:38:17","2011:08:09 10:38:17","[Y Cb Cr .]",4/1,,,,"0.00 eV",36/10,,Pattern,unknown,"Flash did not fire","18 mm",,,,,,,,,,"@ 0x0360",,00,00,00,01.00,sRGB,4288,2848,,"@ 0x8798",,,,,,,,"One-chip color area sensor",DSC,"A directly photographed image",,"Normal process","Manual exposure","Auto white balance",1/1,27,Standard,0,0,0,2,,0,,R98,01.00,,,,2.2.0.0,,,,,,,,,,,,,,,,,,,,,,,,,,,,,,,1
10000898326,1,642,2,4288,2848,97.44,0,0,7,1:2:3:4:5:6:7,0:2:65536:134:19:420:6477333,0:2:5:3:4:1,20:220:636:34398:30:20,0,0,0,0,0,011111111000010011000000000,0001000001101110010,0000000000000011001001000011111000110111100000000011111111101000000011101111111111010,11000,1000000000000000000000000000000,,6,8,"1 = Row 0: top, Col 0: left",300/1,300/1,Inch,7,"2011:08:06 16:10:59",,,,,Co-sited,,,"@ 0x00E4","@ 0x89DC",,,,,,,,,,,,,JPEG,,,,,,300/1,300/1,,Inch,"@ +0x8A5C = @ 0x8A68","0x[000023FF] / 9215",,,Co-sited,,,,,,,,,,,,,,,,"10/1000 s",F3.8,,,Manual,,,200,,,,,02.21,"2011:08:06 16:10:59","2011:08:06 16:10:59","[Y Cb Cr .]",4/1,,,,"0.00 eV",38/10,,Pattern,unknown,"Flash did not fire","22 mm",,,,,,,,,,"@ 0x0360",,00,00,00,01.00,sRGB,4288,2848,,"@ 0x89BE",,,,,,,,"One-chip color area sensor",DSC,"A directly photographed image",,"Normal process","Manual exposure","Auto white balance",1/1,33,Standard,0,0,2,2,,0,,R98,01.00,,,,2.2.0.0,,,,,,,,,,,,,,,,,,,,,,,,,,,,,,,1
10000914023,1,34,2,4288,2848,98.205,0,0,7,1:2:3:4:5:6:7,0:2:65536:134:19:420:4723668,0:2:5:3:4:1,20:220:636:32706:30:20,0,0,0,0,0,011111111000010011000000000,0001000001101110010,0000000000000011001001000011111000110111100000000011111111101000000011101111111111010,11000,1000000000000000000000000000000,,6,8,"1 = Row 0: top, Col 0: left",300/1,300/1,Inch,7,"2011:08:07 19:46:42",,,,,Co-sited,,,"@ 0x00E4","@ 0x8340",,,,,,,,,,,,,JPEG,,,,,,300/1,300/1,,Inch,"@ +0x83C0 = @ 0x83CC","0x[000023EE] / 9198",,,Co-sited,,,,,,,,,,,,,,,,"10/20 s",F4.5,,,Manual,,,200,,,,,02.21,"2011:08:07 19:46:42","2011:08:07 19:46:42","[Y Cb Cr .]",4/1,,,,"0.00 eV",44/10,,Pattern,unknown,"Flash did not fire","40 mm",,,,,,,,,,"@ 0x0360",,00,00,00,01.00,sRGB,4288,2848,,"@ 0x8322",,,,,,,,"One-chip color area sensor",DSC,"A directly photographed image",,"Normal process","Manual exposure","Auto white balance",1/1,60,Standard,0,0,0,2,,0,,R98,01.00,,,,2.2.0.0,,,,,,,,,,,,,,,,,,,,,,,,,,,,,,,1
10000934815,1,34,2,4288,2848,98.205,0,0,7,1:2:3:4:5:6:7,0:2:65536:134:19:420:7037657,0:2:5:3:4:1,20:220:636:33406:30:20,0,0,0,0,0,011111111000010011000000000,0001000001101110010,0000000000000011001001000011111000110111100000000011111111101000000011101111111111010,11000,1000000000000000000000000000000,,6,8,"1 = Row 0: top, Col 0: left",300/1,300/1,Inch,7,"2011:08:06 16:00:36",,,,,Co-sited,,,"@ 0x00E4","@ 0x85FC",,,,,,,,,,,,,JPEG,,,,,,300/1,300/1,,Inch,"@ +0x867C = @ 0x8688","0x[0000242E] / 9262",,,Co-sited,,,,,,,,,,,,,,,,"10/5000 s",F3.5,,,Manual,,,200,,,,,02.21,"2011:08:06 16:00:36","2011:08:06 16:00:36","[Y Cb Cr .]",4/1,,,,"0.00 eV",36/10,,Pattern,unknown,"Flash did not fire","18 mm",,,,,,,,,,"@ 0x0360",,00,00,00,01.00,sRGB,4288,2848,,"@ 0x85DE",,,,,,,,"One-chip color area sensor",DSC,"A directly photographed image",,"Normal process","Manual exposure","Auto white balance",1/1,27,Standard,0,0,0,0,,0,,R98,01.00,,,,2.2.0.0,,,,,,,,,,,,,,,,,,,,,,,,,,,,,,,1
10000953845,1,1,1,3776,2520,94.975,0,0,8,1:2:3:3:5:4:6:7,0:2:10938:69:69:420:19:2571757,4:0:2:5:3:1,0:20:706:514:9684:30,3,0,1,0,0,011111111100010010000000000,0000000000000000000,0000000000000011001001000011111000110111100000000010000111101000000011101111111111000,10000,0000000000000000000000000000000,,4,46,"1 = Row 0: top, Col 0: left",180/1,180/1,Inch,5,"2013:01:25 18:16:17",,,,,Co-sited,,,"@ 0x02CA",,,,,,,,,,,,,,,,,,,,,,,,,,,,,,,,,,,,,,,,,,,,"10/500 s",F2.0,,,"Normal program",,,400,,,,,02.30,"2013:01:25 18:16:17","2013:01:25 18:16:17","[Y Cb Cr .]",4/1,,,,"0.00 eV",20/10,,Pattern,unknown,"Flash did not fire","5 mm",,,,,,,,,,"@ 0x04CC",,,,,01.00,sRGB,"0x[00000EC0] / 3776","0x[000009D8] / 2520",,"@ 0x2AA0",,,,,,,,"One-chip color area sensor",DSC,"A directly photographed image",,"Normal process","Auto exposure","Auto white balance",0/10,24,Standard,2,0,0,0,,,,R98,,,,,,,,,,,,,,,,,,,,,,,,,,,,,,,,,,,,1
10000975695,1,1,1,4000,2667,94.975,0,0,8,1:2:3:3:5:4:6:7,0:2:10768:69:69:420:19:2909795,4:0:2:5:3:1,0:20:248:454:10032:30,1,0,0,0,0,111111101000010010000000000,0000000000000000000,0000000000000011001001000011111000110111100000000010000111101000000001101110010111000,10000,0000000000000000000000000000000,,7,826,"1 = Row 0: top, Col 0: left",72/1,72/1,Inch,1,"2012:02:16 21:31:48",,,,,Co-sited,,,"@ 0x0100",,,,,,,,,,,,,,,,,,,,,,,,,,,,,,,,,,,,,,,,,,,,"10/800 s",F2.4,,,"Normal program",,,800,,,,,02.30,"2012:02:16 21:31:48","2012:02:16 21:31:48","[Y Cb Cr .]",4/1,,,,"0.00 eV",40/16,,Pattern,unknown,"Flash did not fire","4 mm",,,,,,,,,,"@ 0x02C6",,,,,01.00,sRGB,"0x[00000FA0] / 4000","0x[00000BB8] / 3000",,"@ 0x29F6",,,,,,,,,DSC,"A directly photographed image",,"Normal process","Auto exposure","Auto white balance",,,Standard,,0,0,0,,,,R98,,,,,,,,,,,,,,,,,,,,,,,,,,,,,,,,,,,,1
10000976015,1,1,1,4000,2667,94.975,0,0,8,1:2:3:3:5:4:6:7,0:2:10768:69:69:420:19:3030542,4:0:2:5:3:1,0:20:248:454:10032:30,1,0,0,0,0,111111101000010010000000000,0000000000000000000,0000000000000011001001000011111000110111100000000010000111101000000001101110010111000,10000,0000000000000000000000000000000,,7,826,"1 = Row 0: top, Col 0: left",72/1,72/1,Inch,1,"2012:02:16 21:31:41",,,,,Co-sited,,,"@ 0x0100",,,,,,,,,,,,,,,,,,,,,,,,,,,,,,,,,,,,,,,,,,,,"10/800 s",F2.4,,,"Normal program",,,800,,,,,02.30,"2012:02:16 21:31:41","2012:02:16 21:31:41","[Y Cb Cr .]",4/1,,,,"0.00 eV",40/16,,Pattern,unknown,"Flash did not fire","4 mm",,,,,,,,,,"@ 0x02C6",,,,,01.00,sRGB,"0x[00000FA0] / 4000","0x[00000BB8] / 3000",,"@ 0x29F6",,,,,,,,,DSC,"A directly photographed image",,"Normal process","Auto exposure","Auto white balance",,,Standard,,0,0,0,,,,R98,,,,,,,,,,,,,,,,,,,,,,,,,,,,,,,,,,,,1
10000977935,1,1,1,4000,2667,94.975,0,0,8,1:2:3:3:5:4:6:7,0:2:10768:69:69:420:19:2931809,4:0:2:5:3:1,0:20:248:454:10032:30,1,0,0,0,0,111111101000010010000000000,0000000000000000000,0000000000000011001001000011111000110111100000000010000111101000000001101110010111000,10000,0000000000000000000000000000000,,7,826,"1 = Row 0: top, Col 0: left",72/1,72/1,Inch,1,"2012:02:16 21:31:35",,,,,Co-sited,,,"@ 0x0100",,,,,,,,,,,,,,,,,,,,,,,,,,,,,,,,,,,,,,,,,,,,"10/1000 s",F2.4,,,"Normal program",,,800,,,,,02.30,"2012:02:16 21:31:35","2012:02:16 21:31:35","[Y Cb Cr .]",4/1,,,,"0.00 eV",40/16,,Pattern,unknown,"Flash did not fire","4 mm",,,,,,,,,,"@ 0x02C6",,,,,01.00,sRGB,"0x[00000FA0] / 4000","0x[00000BB8] / 3000",,"@ 0x29F6",,,,,,,,,DSC,"A directly photographed image",,"Normal process","Auto exposure","Auto white balance",,,Standard,,0,0,0,,,,R98,,,,,,,,,,,,,,,,,,,,,,,,,,,,,,,,,,,,1
10000978014,1,43,2,3264,2448,96.03999999999999,0,1,7,1:2:3:4:5:6:7,0:2:14408:134:19:420:1424368,4:0:2:5:3:1,0:20:216:4564:98:30,2,1,0,0,0,011111111000010010000000000,1101000001101110000,0000000000000011001001000011110111110101100000000011000111101000000000000110010000001,11000,0000000000000000000000000000000,,5,216,"6 = Row 0: right, Col 0: top",72/1,72/1,Inch,147,"2013:09:29 15:32:48",,,,,Centered,,,"@ 0x00E0",,,,,,,,,,,"0x[000000A0] / 160","0x[00000078] / 120",,JPEG,,,,,,72/1,72/1,,Inch,"@ +0x13B6 = @ 0x13C2","0x[00002488] / 9352",,,,,,,,,,,,,,,,,,,"1/976 s",F2.6,,,"Aperture priority",,,80,,,,,02.20,"2013:09:29 15:32:48","2013:09:29 15:32:48","[Y Cb Cr .]",,2543/256,276/100,2091/256,"0.00 eV",276/100,,CenterWeightedAverage,,"Flash did not fire","4 mm",,,,,,,,,,"@ 0x12B4",K,,,,01.00,sRGB,"0x[00000CC0] / 3264","0x[00000990] / 2448",,"@ 0x1316",,,,,,,,,,,,,"Auto exposure","Auto white balance",,,Standard,,,,,,,ZKFJ03,R98,01.00,,,,,,,,,,,,,,,,,,,,,,,,,,,,,,,,,,,1
10000980725,1,1,1,4000,2667,94.975,0,0,8,1:2:3:3:5:4:6:7,0:2:10768:69:69:420:19:2577878,4:0:2:5:3:1,0:20:248:454:10032:30,1,0,0,0,0,111111101000010010000000000,0000000000000000000,0000000000000011001001000011111000110111100000000010000111101000000001101110010111000,10000,0000000000000000000000000000000,,7,826,"1 = Row 0: top, Col 0: left",72/1,72/1,Inch,1,"2012:02:09 13:22:03",,,,,Co-sited,,,"@ 0x0100",,,,,,,,,,,,,,,,,,,,,,,,,,,,,,,,,,,,,,,,,,,,"10/300 s",F2.4,,,"Normal program",,,400,,,,,02.30,"2012:02:09 13:22:03","2012:02:09 13:22:03","[Y Cb Cr .]",4/1,,,,"0.00 eV",40/16,,Pattern,unknown,"Flash did not fire","4 mm",,,,,,,,,,"@ 0x02C6",,,,,01.00,sRGB,"0x[00000FA0] / 4000","0x[00000BB8] / 3000",,"@ 0x29F6",,,,,,,,,DSC,"A directly photographed image",,"Normal process","Auto exposure","Auto white balance",,,Standard,,0,0,0,,,,R98,,,,,,,,,,,,,,,,,,,,,,,,,,,,,,,,,,,,1
10000980994,1,1,1,4000,2667,94.975,0,0,8,1:2:3:3:5:4:6:7,0:2:10768:69:69:420:19:2716909,4:0:2:5:3:1,0:20:248:454:10032:30,1,0,0,0,0,111111101000010010000000000,0000000000000000000,0000000000000011001001000011111000110111100000000010000111101000000001101110010111000,10000,0000000000000000000000000000000,,7,826,"1 = Row 0: top, Col 0: left",72/1,72/1,Inch,1,"2012:02:16 21:31:10",,,,,Co-sited,,,"@ 0x0100",,,,,,,,,,,,,,,,,,,,,,,,,,,,,,,,,,,,,,,,,,,,"10/600 s",F2.4,,,"Normal program",,,800,,,,,02.30,"2012:02:16 21:31:10","2012:02:16 21:31:10","[Y Cb Cr .]",4/1,,,,"0.00 eV",40/16,,Pattern,unknown,"Flash did not fire","4 mm",,,,,,,,,,"@ 0x02C6",,,,,01.00,sRGB,"0x[00000FA0] / 4000","0x[00000BB8] / 3000",,"@ 0x29F6",,,,,,,,,DSC,"A directly photographed image",,"Normal process","Auto exposure","Auto white balance",,,Standard,,0,0,0,,,,R98,,,,,,,,,,,,,,,,,,,,,,,,,,,,,,,,,,,,1
10000981265,1,1,1,4000,2667,94.975,0,0,8,1:2:3:3:5:4:6:7,0:2:10768:69:69:420:19:2323479,4:0:2:5:3:1,0:20:248:454:10032:30,1,0,0,0,0,111111101000010010000000000,0000000000000000000,0000000000000011001001000011111000110111100000000010000111101000000001101110010111000,10000,0000000000000000000000000000000,,7,826,"1 = Row 0: top, Col 0: left",72/1,72/1,Inch,1,"2012:02:09 13:21:51",,,,,Co-sited,,,"@ 0x0100",,,,,,,,,,,,,,,,,,,,,,,,,,,,,,,,,,,,,,,,,,,,"10/300 s",F2.4,,,"Normal program",,,250,,,,,02.30,"2012:02:09 13:21:51","2012:02:09 13:21:51","[Y Cb Cr .]",4/1,,,,"0.00 eV",40/16,,Pattern,unknown,"Flash did not fire","4 mm",,,,,,,,,,"@ 0x02C6",,,,,01.00,sRGB,"0x[00000FA0] / 4000","0x[00000BB8] / 3000",,"@ 0x29F6",,,,,,,,,DSC,"A directly photographed image",,"Normal process","Auto exposure","Auto white balance",,,Standard,,0,0,0,,,,R98,,,,,,,,,,,,,,,,,,,,,,,,,,,,,,,,,,,,1
10000981744,1,1,1,4000,2667,94.975,0,0,8,1:2:3:3:5:4:6:7,0:2:10768:69:69:420:19:2743555,4:0:2:5:3:1,0:20:248:454:10032:30,1,0,0,0,0,111111101000010010000000000,0000000000000000000,0000000000000011001001000011111000110111100000000010000111101000000001101110010111000,10000,0000000000000000000000000000000,,7,826,"1 = Row 0: top, Col 0: left",72/1,72/1,Inch,1,"2012:02:16 21:30:57",,,,,Co-sited,,,"@ 0x0100",,,,,,,,,,,,,,,,,,,,,,,,,,,,,,,,,,,,,,,,,,,,"10/800 s",F2.4,,,"Normal program",,,800,,,,,02.30,"2012:02:16 21:30:57","2012:02:16 21:30:57","[Y Cb Cr .]",4/1,,,,"0.00 eV",40/16,,Pattern,unknown,"Flash did not fire","4 mm",,,,,,,,,,"@ 0x02C6",,,,,01.00,sRGB,"0x[00000FA0] / 4000","0x[00000BB8] / 3000",,"@ 0x29F6",,,,,,,,,DSC,"A directly photographed image",,"Normal process","Auto exposure","Auto white balance",,,Standard,,0,0,0,,,,R98,,,,,,,,,,,,,,,,,,,,,,,,,,,,,,,,,,,,1
10000984905,1,1,1,4000,2667,94.975,0,0,8,1:2:3:3:5:4:6:7,0:2:10768:69:69:420:19:3210365,4:0:2:5:3:1,0:20:248:454:10032:30,1,0,0,0,0,111111101000010010000000000,0000000000000000000,0000000000000011001001000011111000110111100000000010000111101000000001101110010111000,10000,0000000000000000000000000000000,,7,826,"1 = Row 0: top, Col 0: left",72/1,72/1,Inch,1,"2012:01:29 19:42:12",,,,,Co-sited,,,"@ 0x0100",,,,,,,,,,,,,,,,,,,,,,,,,,,,,,,,,,,,,,,,,,,,"10/500 s",F2.4,,,"Normal program",,,200,,,,,02.30,"2012:01:29 19:42:12","2012:01:29 19:42:12","[Y Cb Cr .]",4/1,,,,"-0.70 eV",40/16,,Pattern,"other light source","Flash did not fire","4 mm",,,,,,,,,,"@ 0x02C6",,,,,01.00,sRGB,"0x[00000FA0] / 4000","0x[00000BB8] / 3000",,"@ 0x29F6",,,,,,,,,DSC,"A directly photographed image",,"Normal process","Manual exposure","Manual white balance",,,Standard,,0,0,0,,,,R98,,,,,,,,,,,,,,,,,,,,,,,,,,,,,,,,,,,,1
10000988684,1,1,1,4000,2667,94.975,0,0,8,1:2:3:3:5:4:6:7,0:2:10768:69:69:420:19:2945229,4:0:2:5:3:1,0:20:248:454:10032:30,1,0,0,0,0,111111101000010010000000000,0000000000000000000,0000000000000011001001000011111000110111100000000010000111101000000001101110010111000,10000,0000000000000000000000000000000,,7,826,"1 = Row 0: top, Col 0: left",72/1,72/1,Inch,1,"2012:01:29 19:34:46",,,,,Co-sited,,,"@ 0x0100",,,,,,,,,,,,,,,,,,,,,,,,,,,,,,,,,,,,,,,,,,,,"10/400 s",F2.4,,,"Normal program",,,200,,,,,02.30,"2012:01:29 19:34:46","2012:01:29 19:34:46","[Y Cb Cr .]",4/1,,,,"-0.70 eV",40/16,,Pattern,"other light source","Flash did not fire","4 mm",,,,,,,,,,"@ 0x02C6",,,,,01.00,sRGB,"0x[00000FA0] / 4000","0x[00000BB8] / 3000",,"@ 0x29F6",,,,,,,,,DSC,"A directly photographed image",,"Normal process","Manual exposure","Manual white balance",,,Standard,,0,0,0,,,,R98,,,,,,,,,,,,,,,,,,,,,,,,,,,,,,,,,,,,1
10000990874,1,1,1,4000,2667,94.975,0,0,8,1:2:3:3:5:4:6:7,0:2:10768:69:69:420:19:3444568,4:0:2:5:3:1,0:20:248:454:10032:30,1,0,0,0,0,111111101000010010000000000,0000000000000000000,0000000000000011001001000011111000110111100000000010000111101000000001101110010111000,10000,0000000000000000000000000000000,,7,826,"1 = Row 0: top, Col 0: left",72/1,72/1,Inch,1,"2012:01:29 19:18:44",,,,,Co-sited,,,"@ 0x0100",,,,,,,,,,,,,,,,,,,,,,,,,,,,,,,,,,,,,,,,,,,,"10/500 s",F2.4,,,"Normal program",,,200,,,,,02.30,"2012:01:29 19:18:44","2012:01:29 19:18:44","[Y Cb Cr .]",4/1,,,,"-0.70 eV",40/16,,Pattern,"other light source","Flash did not fire","4 mm",,,,,,,,,,"@ 0x02C6",,,,,01.00,sRGB,"0x[00000FA0] / 4000","0x[00000BB8] / 3000",,"@ 0x29F6",,,,,,,,,DSC,"A directly photographed image",,"Normal process","Manual exposure","Manual white balance",,,Standard,,0,0,0,,,,R98,,,,,,,,,,,,,,,,,,,,,,,,,,,,,,,,,,,,1
10000991594,1,1,1,4000,2667,94.975,0,0,8,1:2:3:3:5:4:6:7,0:2:10768:69:69:420:19:3159125,4:0:2:5:3:1,0:20:248:454:10032:30,1,0,0,0,0,111111101000010010000000000,0000000000000000000,0000000000000011001001000011111000110111100000000010000111101000000001101110010111000,10000,0000000000000000000000000000000,,7,826,"1 = Row 0: top, Col 0: left",72/1,72/1,Inch,1,"2012:01:29 19:09:45",,,,,Co-sited,,,"@ 0x0100",,,,,,,,,,,,,,,,,,,,,,,,,,,,,,,,,,,,,,,,,,,,"10/600 s",F2.4,,,"Normal program",,,200,,,,,02.30,"2012:01:29 19:09:45","2012:01:29 19:09:45","[Y Cb Cr .]",4/1,,,,"-0.70 eV",40/16,,Pattern,"other light source","Flash did not fire","4 mm",,,,,,,,,,"@ 0x02C6",,,,,01.00,sRGB,"0x[00000FA0] / 4000","0x[00000BB8] / 3000",,"@ 0x29F6",,,,,,,,,DSC,"A directly photographed image",,"Normal process","Manual exposure","Manual white balance",,,Standard,,0,0,0,,,,R98,,,,,,,,,,,,,,,,,,,,,,,,,,,,,,,,,,,,1
10000999916,1,229,2,4608,3456,93.975,0,1,7,1:2:3:5:4:6:7,0:2:19527:199:420:19:3596824,4:0:2:5:3:1,0:20:988:636:4800:30,1,0,0,0,0,111111111000010010000000000,0001000001101110000,0000000000000011001001000011111000110111100000000011000111101000000001101111111111000,11000,0000000000000000000000000000000,"OLYMPUS DIGITAL CAMERA",9,1439,"1 = Row 0: top, Col 0: left",72/1,72/1,Inch,12,"2013:09:29 14:59:30",,,,,Co-sited,,,"@ 0x03E4",,,,,,,,,,,,,,JPEG,,,,,,72/1,72/1,,Inch,"@ +0x23F4 = @ 0x2400","0x[00001E76] / 7798",,,,,,,,,,,,,,,,,,,"10/300 s",F3.0,,,"Creative program (depth of fi",,,100,,,,,02.21,"2013:09:29 14:59:30","2013:09:29 14:59:30","[Y Cb Cr .]",2/1,,,,"0.00 eV",317/100,,Pattern,unknown,"Flash did not fire","5 mm",,,,,,,,,,"@ 0x0660",,,,,01.00,sRGB,"0x[00001200] / 4608","0x[00000D80] / 3456",,"@ 0x1920",,,,,,,,,DSC,"A directly photographed image",,"Normal process","Auto exposure","Auto white balance",0/100,25,Standard,1,0,0,0,,,,R98,01.00,,,,,,,,,,,,,,,,,,,,,,,,,,,,,,,,,,,1
10001011556,1,1,1,3776,2520,94.975,0,0,8,1:2:3:3:5:4:6:7,0:2:10938:69:69:420:19:2865709,4:0:2:5:3:1,0:20:706:514:9684:30,3,0,1,0,0,011111111100010010000000000,0000000000000000000,0000000000000011001001000011111000110111100000000010000111101000000011101111111111000,10000,0000000000000000000000000000000,,4,46,"1 = Row 0: top, Col 0: left",180/1,180/1,Inch,5,"2013:01:25 18:24:07",,,,,Co-sited,,,"@ 0x02CA",,,,,,,,,,,,,,,,,,,,,,,,,,,,,,,,,,,,,,,,,,,,"10/250 s",F2.0,,,"Normal program",,,400,,,,,02.30,"2013:01:25 18:24:07","2013:01:25 18:24:07","[Y Cb Cr .]",4/1,,,,"0.00 eV",20/10,,Pattern,unknown,"Flash did not fire","5 mm",,,,,,,,,,"@ 0x04CC",,,,,01.00,sRGB,"0x[00000EC0] / 3776","0x[000009D8] / 2520",,"@ 0x2AA0",,,,,,,,"One-chip color area sensor",DSC,"A directly photographed image",,"Normal process","Auto exposure","Auto white balance",0/10,24,Standard,2,0,0,0,,,,R98,,,,,,,,,,,,,,,,,,,,,,,,,,,,,,,,,,,,1
10001022966,1,9,2,3776,2520,97.405,1,1,9,1:2:12:3:4:5:9:6:7,0:2:32158:98:134:19:420:6:3195441,4:0:2:5:3:1,0:20:706:514:9684:30,3,1,1,0,0,011111111100010010000000000,0001000001101110010,0000000000000011001001000011111000110111100000000010000111101000000011101111111111000,11000,0000000000000000000000000000000,,4,46,"1 = Row 0: top, Col 0: left",180/1,180/1,Inch,5,"2012:10:23 20:28:50",,,,,Co-sited,,,"@ 0x02CA",,,,,,,,,,,,,,JPEG,,,,,,180/1,180/1,,Inch,"@ +0x2DF4 = @ 0x2E00","0x[000019C9] / 6601",,,Co-sited,,,,,,,,,,,,,,,,"10/800 s",F2.0,,,Manual,,,800,,,,,02.30,"2012:10:23 20:28:50","2012:10:23 20:28:50","[Y Cb Cr .]",4/1,,,,"0.00 eV",20/10,,Pattern,unknown,"Flash did not fire","5 mm",,,,,,,,,,"@ 0x04CC",,,,,01.00,sRGB,"0x[00000EC0] / 3776","0x[000009D8] / 2520",,"@ 0x2AA0",,,,,,,,"One-chip color area sensor",DSC,"A directly photographed image",,"Normal process","Auto exposure","Auto white balance",0/10,24,Standard,2,0,0,0,,,,R98,01.00,,,,,,,,,,,,,,,,,,,,,,,,,,,,,,,,,,,1
10001038556,1,1,1,4000,3000,94.975,0,0,8,1:2:3:3:5:4:6:7,0:2:10768:69:69:420:19:3103562,4:0:2:5:3:1,0:20:248:454:10032:30,1,0,0,0,0,111111101000010010000000000,0000000000000000000,0000000000000011001001000011111000110111100000000010000111101000000001101110010111000,10000,0000000000000000000000000000000,,7,826,"1 = Row 0: top, Col 0: left",72/1,72/1,Inch,1,"2012:02:09 13:22:30",,,,,Co-sited,,,"@ 0x0100",,,,,,,,,,,,,,,,,,,,,,,,,,,,,,,,,,,,,,,,,,,,"10/1250 s",F2.4,,,"Normal program",,,800,,,,,02.30,"2012:02:09 13:22:30","2012:02:09 13:22:30","[Y Cb Cr .]",4/1,,,,"-0.30 eV",40/16,,Pattern,unknown,"Flash did not fire","4 mm",,,,,,,,,,"@ 0x02C6",,,,,01.00,sRGB,"0x[00000FA0] / 4000","0x[00000BB8] / 3000",,"@ 0x29F6",,,,,,,,,DSC,"A directly photographed image",,"Normal process","Manual exposure","Auto white balance",,,Standard,,0,0,0,,,,R98,,,,,,,,,,,,,,,,,,,,,,,,,,,,,,,,,,,,1
10001043196,1,1,1,4000,2667,94.975,0,0,8,1:2:3:3:5:4:6:7,0:2:10768:69:69:420:19:2802036,4:0:2:5:3:1,0:20:248:454:10032:30,1,0,0,0,0,111111101000010010000000000,0000000000000000000,0000000000000011001001000011111000110111100000000010000111101000000001101110010111000,10000,0000000000000000000000000000000,,7,826,"1 = Row 0: top, Col 0: left",72/1,72/1,Inch,1,"2012:01:29 20:34:21",,,,,Co-sited,,,"@ 0x0100",,,,,,,,,,,,,,,,,,,,,,,,,,,,,,,,,,,,,,,,,,,,"10/400 s",F2.4,,,"Normal program",,,200,,,,,02.30,"2012:01:29 20:34:21","2012:01:29 20:34:21","[Y Cb Cr .]",4/1,,,,"-0.70 eV",40/16,,Pattern,"other light source","Flash did not fire","4 mm",,,,,,,,,,"@ 0x02C6",,,,,01.00,sRGB,"0x[00000FA0] / 4000","0x[00000BB8] / 3000",,"@ 0x29F6",,,,,,,,,DSC,"A directly photographed image",,"Normal process","Manual exposure","Manual white balance",,,Standard,,0,0,0,,,,R98,,,,,,,,,,,,,,,,,,,,,,,,,,,,,,,,,,,,1
10001043556,1,1,1,4000,2667,94.975,0,0,8,1:2:3:3:5:4:6:7,0:2:10768:69:69:420:19:3354318,4:0:2:5:3:1,0:20:248:454:10032:30,1,0,0,0,0,111111101000010010000000000,0000000000000000000,0000000000000011001001000011111000110111100000000010000111101000000001101110010111000,10000,0000000000000000000000000000000,,7,826,"1 = Row 0: top, Col 0: left",72/1,72/1,Inch,1,"2012:01:29 20:34:45",,,,,Co-sited,,,"@ 0x0100",,,,,,,,,,,,,,,,,,,,,,,,,,,,,,,,,,,,,,,,,,,,"10/400 s",F2.4,,,"Normal program",,,200,,,,,02.30,"2012:01:29 20:34:45","2012:01:29 20:34:45","[Y Cb Cr .]",4/1,,,,"-0.30 eV",40/16,,Pattern,unknown,"Flash did not fire","4 mm",,,,,,,,,,"@ 0x02C6",,,,,01.00,sRGB,"0x[00000FA0] / 4000","0x[00000BB8] / 3000",,"@ 0x29F6",,,,,,,,,DSC,"A directly photographed image",,"Normal process","Manual exposure","Auto white balance",,,Standard,,0,0,0,,,,R98,,,,,,,,,,,,,,,,,,,,,,,,,,,,,,,,,,,,1
10001046056,1,1,1,4000,2667,94.975,0,0,8,1:2:3:3:5:4:6:7,0:2:10768:69:69:420:19:3495753,4:0:2:5:3:1,0:20:248:454:10032:30,1,0,0,0,0,111111101000010010000000000,0000000000000000000,0000000000000011001001000011111000110111100000000010000111101000000001101110010111000,10000,0000000000000000000000000000000,,7,826,"1 = Row 0: top, Col 0: left",72/1,72/1,Inch,1,"2012:01:29 19:28:23",,,,,Co-sited,,,"@ 0x0100",,,,,,,,,,,,,,,,,,,,,,,,,,,,,,,,,,,,,,,,,,,,"10/250 s",F2.4,,,"Normal program",,,200,,,,,02.30,"2012:01:29 19:28:23","2012:01:29 19:28:23","[Y Cb Cr .]",4/1,,,,"-0.70 eV",40/16,,Pattern,"other light source","Flash did not fire","4 mm",,,,,,,,,,"@ 0x02C6",,,,,01.00,sRGB,"0x[00000FA0] / 4000","0x[00000BB8] / 3000",,"@ 0x29F6",,,,,,,,,DSC,"A directly photographed image",,"Normal process","Manual exposure","Manual white balance",,,Standard,,0,0,0,,,,R98,,,,,,,,,,,,,,,,,,,,,,,,,,,,,,,,,,,,1
10001047006,1,1,1,4000,2667,94.975,0,0,8,1:2:3:3:5:4:6:7,0:2:10768:69:69:420:19:3064705,4:0:2:5:3:1,0:20:248:454:10032:30,1,0,0,0,0,111111101000010010000000000,0000000000000000000,0000000000000011001001000011111000110111100000000010000111101000000001101110010111000,10000,0000000000000000000000000000000,,7,826,"1 = Row 0: top, Col 0: left",72/1,72/1,Inch,1,"2012:01:29 19:18:51",,,,,Co-sited,,,"@ 0x0100",,,,,,,,,,,,,,,,,,,,,,,,,,,,,,,,,,,,,,,,,,,,"10/400 s",F2.4,,,"Normal program",,,200,,,,,02.30,"2012:01:29 19:18:51","2012:01:29 19:18:51","[Y Cb Cr .]",4/1,,,,"-0.70 eV",40/16,,Pattern,"other light source","Flash did not fire","4 mm",,,,,,,,,,"@ 0x02C6",,,,,01.00,sRGB,"0x[00000FA0] / 4000","0x[00000BB8] / 3000",,"@ 0x29F6",,,,,,,,,DSC,"A directly photographed image",,"Normal process","Manual exposure","Manual white balance",,,Standard,,0,0,0,,,,R98,,,,,,,,,,,,,,,,,,,,,,,,,,,,,,,,,,,,1
10001083203,1,1,1,3776,2520,94.975,0,0,8,1:2:3:3:5:4:6:7,0:2:10938:69:69:420:19:2512709,4:0:2:5:3:1,0:20:706:514:9684:30,3,0,1,0,0,011111111100010010000000000,0000000000000000000,0000000000000011001001000011111000110111100000000010000111101000000011101111111111000,10000,0000000000000000000000000000000,,4,46,"1 = Row 0: top, Col 0: left",180/1,180/1,Inch,5,"2013:01:25 18:16:01",,,,,Co-sited,,,"@ 0x02CA",,,,,,,,,,,,,,,,,,,,,,,,,,,,,,,,,,,,,,,,,,,,"10/300 s",F2.0,,,"Normal program",,,400,,,,,02.30,"2013:01:25 18:16:01","2013:01:25 18:16:01","[Y Cb Cr .]",4/1,,,,"0.00 eV",20/10,,Pattern,unknown,"Flash did not fire","5 mm",,,,,,,,,,"@ 0x04CC",,,,,01.00,sRGB,"0x[00000EC0] / 3776","0x[000009D8] / 2520",,"@ 0x2AA0",,,,,,,,"One-chip color area sensor",DSC,"A directly photographed image",,"Normal process","Auto exposure","Auto white balance",0/10,24,Standard,2,0,0,0,,,,R98,,,,,,,,,,,,,,,,,,,,,,,,,,,,,,,,,,,,1
10001088663,1,16,2,3776,2520,96.36,1,1,9,1:2:12:3:4:5:9:6:7,0:2:32158:98:134:19:420:6:3151224,4:0:2:5:3:1,0:20:706:514:9684:30,3,1,1,0,0,011111111100010010000000000,0001000001101110010,0000000000000011001001000011111000110111100000000010000111101000000011101111111111000,11000,0000000000000000000000000000000,,4,46,"1 = Row 0: top, Col 0: left",180/1,180/1,Inch,5,"2012:10:23 20:41:50",,,,,Co-sited,,,"@ 0x02CA",,,,,,,,,,,,,,JPEG,,,,,,180/1,180/1,,Inch,"@ +0x2DF4 = @ 0x2E00","0x[00001E11] / 7697",,,Co-sited,,,,,,,,,,,,,,,,"10/800 s",F2.0,,,Manual,,,800,,,,,02.30,"2012:10:23 20:41:50","2012:10:23 20:41:50","[Y Cb Cr .]",4/1,,,,"0.00 eV",20/10,,Pattern,unknown,"Flash did not fire","5 mm",,,,,,,,,,"@ 0x04CC",,,,,01.00,sRGB,"0x[00000EC0] / 3776","0x[000009D8] / 2520",,"@ 0x2AA0",,,,,,,,"One-chip color area sensor",DSC,"A directly photographed image",,"Normal process","Auto exposure","Auto white balance",0/10,24,Standard,2,0,0,0,,,,R98,01.00,,,,,,,,,,,,,,,,,,,,,,,,,,,,,,,,,,,1
10001090483,1,8,2,3776,2520,97.795,1,1,9,1:2:12:3:4:5:9:6:7,0:2:32158:98:134:19:420:6:3328160,4:0:2:5:3:1,0:20:706:514:9684:30,3,1,1,0,0,011111111100010010000000000,0001000001101110010,0000000000000011001001000011111000110111100000000010000111101000000011101111111111000,11000,0000000000000000000000000000000,,4,46,"1 = Row 0: top, Col 0: left",180/1,180/1,Inch,5,"2012:10:23 20:28:54",,,,,Co-sited,,,"@ 0x02CA",,,,,,,,,,,,,,JPEG,,,,,,180/1,180/1,,Inch,"@ +0x2DF4 = @ 0x2E00","0x[0000178F] / 6031",,,Co-sited,,,,,,,,,,,,,,,,"10/800 s",F2.0,,,Manual,,,800,,,,,02.30,"2012:10:23 20:28:54","2012:10:23 20:28:54","[Y Cb Cr .]",4/1,,,,"0.00 eV",20/10,,Pattern,unknown,"Flash did not fire","5 mm",,,,,,,,,,"@ 0x04CC",,,,,01.00,sRGB,"0x[00000EC0] / 3776","0x[000009D8] / 2520",,"@ 0x2AA0",,,,,,,,"One-chip color area sensor",DSC,"A directly photographed image",,"Normal process","Auto exposure","Auto white balance",0/10,24,Standard,2,0,0,0,,,,R98,01.00,,,,,,,,,,,,,,,,,,,,,,,,,,,,,,,,,,,1
10001094383,1,7,2,3776,2520,97.78,1,1,9,1:2:12:3:4:5:9:6:7,0:2:32158:98:134:19:420:6:3360681,4:0:2:5:3:1,0:20:706:514:9684:30,3,1,1,0,0,011111111100010010000000000,0001000001101110010,0000000000000011001001000011111000110111100000000010000111101000000011101111111111000,11000,0000000000000000000000000000000,,4,46,"1 = Row 0: top, Col 0: left",180/1,180/1,Inch,5,"2012:10:23 20:28:27",,,,,Co-sited,,,"@ 0x02CA",,,,,,,,,,,,,,JPEG,,,,,,180/1,180/1,,Inch,"@ +0x2DF4 = @ 0x2E00","0x[00001B1C] / 6940",,,Co-sited,,,,,,,,,,,,,,,,"10/800 s",F2.0,,,"Aperture priority",,,800,,,,,02.30,"2012:10:23 20:28:27","2012:10:23 20:28:27","[Y Cb Cr .]",4/1,,,,"0.00 eV",20/10,,Pattern,unknown,"Flash did not fire","5 mm",,,,,,,,,,"@ 0x04CC",,,,,01.00,sRGB,"0x[00000EC0] / 3776","0x[000009D8] / 2520",,"@ 0x2AA0",,,,,,,,"One-chip color area sensor",DSC,"A directly photographed image",,"Normal process","Auto exposure","Auto white balance",0/10,24,Standard,2,0,0,0,,,,R98,01.00,,,,,,,,,,,,,,,,,,,,,,,,,,,,,,,,,,,1
10001102583,1,1,1,4000,2667,94.975,0,0,8,1:2:3:3:5:4:6:7,0:2:10768:69:69:420:19:2691974,4:0:2:5:3:1,0:20:248:454:10032:30,1,0,0,0,0,111111101000010010000000000,0000000000000000000,0000000000000011001001000011111000110111100000000010000111101000000001101110010111000,10000,0000000000000000000000000000000,,7,826,"1 = Row 0: top, Col 0: left",72/1,72/1,Inch,1,"2012:02:16 21:32:20",,,,,Co-sited,,,"@ 0x0100",,,,,,,,,,,,,,,,,,,,,,,,,,,,,,,,,,,,,,,,,,,,"10/300 s",F2.4,,,"Normal program",,,320,,,,,02.30,"2012:02:16 21:32:20","2012:02:16 21:32:20","[Y Cb Cr .]",4/1,,,,"0.00 eV",40/16,,Pattern,unknown,"Flash did not fire","4 mm",,,,,,,,,,"@ 0x02C6",,,,,01.00,sRGB,"0x[00000FA0] / 4000","0x[00000BB8] / 3000",,"@ 0x29F6",,,,,,,,,DSC,"A directly photographed image",,"Normal process","Auto exposure","Auto white balance",,,Standard,,0,0,0,,,,R98,,,,,,,,,,,,,,,,,,,,,,,,,,,,,,,,,,,,1
10001104793,1,1,1,4000,2667,94.975,0,0,8,1:2:3:3:5:4:6:7,0:2:10768:69:69:420:19:2999237,4:0:2:5:3:1,0:20:248:454:10032:30,1,0,0,0,0,111111101000010010000000000,0000000000000000000,0000000000000011001001000011111000110111100000000010000111101000000001101110010111000,10000,0000000000000000000000000000000,,7,826,"1 = Row 0: top, Col 0: left",72/1,72/1,Inch,1,"2012:02:16 21:31:38",,,,,Co-sited,,,"@ 0x0100",,,,,,,,,,,,,,,,,,,,,,,,,,,,,,,,,,,,,,,,,,,,"10/1000 s",F2.4,,,"Normal program",,,800,,,,,02.30,"2012:02:16 21:31:38","2012:02:16 21:31:38","[Y Cb Cr .]",4/1,,,,"0.00 eV",40/16,,Pattern,unknown,"Flash did not fire","4 mm",,,,,,,,,,"@ 0x02C6",,,,,01.00,sRGB,"0x[00000FA0] / 4000","0x[00000BB8] / 3000",,"@ 0x29F6",,,,,,,,,DSC,"A directly photographed image",,"Normal process","Auto exposure","Auto white balance",,,Standard,,0,0,0,,,,R98,,,,,,,,,,,,,,,,,,,,,,,,,,,,,,,,,,,,1
10001106773,1,1,1,4000,2667,94.975,0,0,8,1:2:3:3:5:4:6:7,0:2:10768:69:69:420:19:2676972,4:0:2:5:3:1,0:20:248:454:10032:30,1,0,0,0,0,111111101000010010000000000,0000000000000000000,0000000000000011001001000011111000110111100000000010000111101000000001101110010111000,10000,0000000000000000000000000000000,,7,826,"1 = Row 0: top, Col 0: left",72/1,72/1,Inch,1,"2012:02:16 21:31:04",,,,,Co-sited,,,"@ 0x0100",,,,,,,,,,,,,,,,,,,,,,,,,,,,,,,,,,,,,,,,,,,,"10/600 s",F2.4,,,"Normal program",,,800,,,,,02.30,"2012:02:16 21:31:04","2012:02:16 21:31:04","[Y Cb Cr .]",4/1,,,,"0.00 eV",40/16,,Pattern,unknown,"Flash did not fire","4 mm",,,,,,,,,,"@ 0x02C6",,,,,01.00,sRGB,"0x[00000FA0] / 4000","0x[00000BB8] / 3000",,"@ 0x29F6",,,,,,,,,DSC,"A directly photographed image",,"Normal process","Auto exposure","Auto white balance",,,Standard,,0,0,0,,,,R98,,,,,,,,,,,,,,,,,,,,,,,,,,,,,,,,,,,,1
10001108623,1,1,1,4000,2667,94.975,0,0,8,1:2:3:3:5:4:6:7,0:2:10768:69:69:420:19:2758430,4:0:2:5:3:1,0:20:248:454:10032:30,1,0,0,0,0,111111101000010010000000000,0000000000000000000,0000000000000011001001000011111000110111100000000010000111101000000001101110010111000,10000,0000000000000000000000000000000,,7,826,"1 = Row 0: top, Col 0: left",72/1,72/1,Inch,1,"2012:02:09 13:22:26",,,,,Co-sited,,,"@ 0x0100",,,,,,,,,,,,,,,,,,,,,,,,,,,,,,,,,,,,,,,,,,,,"10/1000 s",F2.4,,,"Normal program",,,800,,,,,02.30,"2012:02:09 13:22:26","2012:02:09 13:22:26","[Y Cb Cr .]",4/1,,,,"-0.30 eV",40/16,,Pattern,unknown,"Flash did not fire","4 mm",,,,,,,,,,"@ 0x02C6",,,,,01.00,sRGB,"0x[00000FA0] / 4000","0x[00000BB8] / 3000",,"@ 0x29F6",,,,,,,,,DSC,"A directly photographed image",,"Normal process","Manual exposure","Auto white balance",,,Standard,,0,0,0,,,,R98,,,,,,,,,,,,,,,,,,,,,,,,,,,,,,,,,,,,1
10001110383,1,1,1,4000,2667,94.975,0,0,8,1:2:3:3:5:4:6:7,0:2:10768:69:69:420:19:2636660,4:0:2:5:3:1,0:20:248:454:10032:30,1,0,0,0,0,111111101000010010000000000,0000000000000000000,0000000000000011001001000011111000110111100000000010000111101000000001101110010111000,10000,0000000000000000000000000000000,,7,826,"1 = Row 0: top, Col 0: left",72/1,72/1,Inch,1,"2012:02:09 13:12:41",,,,,Co-sited,,,"@ 0x0100",,,,,,,,,,,,,,,,,,,,,,,,,,,,,,,,,,,,,,,,,,,,"10/300 s",F2.4,,,"Normal program",,,250,,,,,02.30,"2012:02:09 13:12:41","2012:02:09 13:12:41","[Y Cb Cr .]",4/1,,,,"0.00 eV",40/16,,Pattern,unknown,"Flash did not fire","4 mm",,,,,,,,,,"@ 0x02C6",,,,,01.00,sRGB,"0x[00000FA0] / 4000","0x[00000BB8] / 3000",,"@ 0x29F6",,,,,,,,,DSC,"A directly photographed image",,"Normal process","Auto exposure","Auto white balance",,,Standard,,0,0,0,,,,R98,,,,,,,,,,,,,,,,,,,,,,,,,,,,,,,,,,,,1
10001115953,1,1,1,4000,2667,94.975,0,0,8,1:2:3:3:5:4:6:7,0:2:10768:69:69:420:19:3390349,4:0:2:5:3:1,0:20:248:454:10032:30,1,0,0,0,0,111111101000010010000000000,0000000000000000000,0000000000000011001001000011111000110111100000000010000111101000000001101110010111000,10000,0000000000000000000000000000000,,7,826,"1 = Row 0: top, Col 0: left",72/1,72/1,Inch,1,"2012:01:29 19:27:13",,,,,Co-sited,,,"@ 0x0100",,,,,,,,,,,,,,,,,,,,,,,,,,,,,,,,,,,,,,,,,,,,"10/200 s",F2.4,,,"Normal program",,,200,,,,,02.30,"2012:01:29 19:27:13","2012:01:29 19:27:13","[Y Cb Cr .]",4/1,,,,"-0.70 eV",40/16,,Pattern,"other light source","Flash did not fire","4 mm",,,,,,,,,,"@ 0x02C6",,,,,01.00,sRGB,"0x[00000FA0] / 4000","0x[00000BB8] / 3000",,"@ 0x29F6",,,,,,,,,DSC,"A directly photographed image",,"Normal process","Manual exposure","Manual white balance",,,Standard,,0,0,0,,,,R98,,,,,,,,,,,,,,,,,,,,,,,,,,,,,,,,,,,,1
10001123465,1,1,1,3776,2520,94.975,0,0,8,1:2:3:3:5:4:6:7,0:2:10938:69:69:420:19:3203734,4:0:2:5:3:1,0:20:706:514:9684:30,3,0,1,0,0,011111111100010010000000000,0000000000000000000,0000000000000011001001000011111000110111100000000010000111101000000011101111111111000,10000,0000000000000000000000000000000,,4,46,"1 = Row 0: top, Col 0: left",180/1,180/1,Inch,5,"2013:02:03 21:12:28",,,,,Co-sited,,,"@ 0x02CA",,,,,,,,,,,,,,,,,,,,,,,,,,,,,,,,,,,,,,,,,,,,"10/1000 s",F2.8,,,"Aperture priority",,,800,,,,,02.30,"2013:02:03 21:12:28","2013:02:03 21:12:28","[Y Cb Cr .]",4/1,,,,"0.00 eV",20/10,,Pattern,unknown,"Flash did not fire","5 mm",,,,,,,,,,"@ 0x04CC",,,,,01.00,sRGB,"0x[00000EC0] / 3776","0x[000009D8] / 2520",,"@ 0x2AA0",,,,,,,,"One-chip color area sensor",DSC,"A directly photographed image",,"Normal process","Auto exposure","Auto white balance",0/10,24,Standard,2,0,0,0,,,,R98,,,,,,,,,,,,,,,,,,,,,,,,,,,,,,,,,,,,1
10001124175,1,1,1,3776,2520,94.975,0,0,8,1:2:3:3:5:4:6:7,0:2:10938:69:69:420:19:2988955,4:0:2:5:3:1,0:20:706:514:9684:30,3,0,1,0,0,011111111100010010000000000,0000000000000000000,0000000000000011001001000011111000110111100000000010000111101000000011101111111111000,10000,0000000000000000000000000000000,,4,46,"1 = Row 0: top, Col 0: left",180/1,180/1,Inch,5,"2013:02:03 20:51:55",,,,,Co-sited,,,"@ 0x02CA",,,,,,,,,,,,,,,,,,,,,,,,,,,,,,,,,,,,,,,,,,,,"10/500 s",F2.8,,,"Aperture priority",,,800,,,,,02.30,"2013:02:03 20:51:55","2013:02:03 20:51:55","[Y Cb Cr .]",4/1,,,,"0.00 eV",20/10,,Pattern,unknown,"Flash did not fire","5 mm",,,,,,,,,,"@ 0x04CC",,,,,01.00,sRGB,"0x[00000EC0] / 3776","0x[000009D8] / 2520",,"@ 0x2AA0",,,,,,,,"One-chip color area sensor",DSC,"A directly photographed image",,"Normal process","Auto exposure","Auto white balance",0/10,24,Standard,2,0,0,0,,,,R98,,,,,,,,,,,,,,,,,,,,,,,,,,,,,,,,,,,,1
10001124684,1,1,1,3776,2520,94.975,0,0,8,1:2:3:3:5:4:6:7,0:2:10938:69:69:420:19:3675838,4:0:2:5:3:1,0:20:706:514:9684:30,3,0,1,0,0,011111111100010010000000000,0000000000000000000,0000000000000011001001000011111000110111100000000010000111101000000011101111111111000,10000,0000000000000000000000000000000,,4,46,"1 = Row 0: top, Col 0: left",180/1,180/1,Inch,5,"2013:02:03 20:30:15",,,,,Co-sited,,,"@ 0x02CA",,,,,,,,,,,,,,,,,,,,,,,,,,,,,,,,,,,,,,,,,,,,"10/400 s",F2.8,,,"Aperture priority",,,800,,,,,02.30,"2013:02:03 20:30:15","2013:02:03 20:30:15","[Y Cb Cr .]",4/1,,,,"0.00 eV",20/10,,Pattern,unknown,"Flash did not fire","5 mm",,,,,,,,,,"@ 0x04CC",,,,,01.00,sRGB,"0x[00000EC0] / 3776","0x[000009D8] / 2520",,"@ 0x2AA0",,,,,,,,"One-chip color area sensor",DSC,"A directly photographed image",,"Normal process","Auto exposure","Auto white balance",0/10,24,Standard,2,0,0,0,,,,R98,,,,,,,,,,,,,,,,,,,,,,,,,,,,,,,,,,,,1
10001125785,1,1,1,3776,2520,94.975,0,0,8,1:2:3:3:5:4:6:7,0:2:10938:69:69:420:19:3179324,4:0:2:5:3:1,0:20:706:514:9684:30,3,0,1,0,0,011111111100010010000000000,0000000000000000000,0000000000000011001001000011111000110111100000000010000111101000000011101111111111000,10000,0000000000000000000000000000000,,4,46,"1 = Row 0: top, Col 0: left",180/1,180/1,Inch,5,"2013:02:03 20:49:25",,,,,Co-sited,,,"@ 0x02CA",,,,,,,,,,,,,,,,,,,,,,,,,,,,,,,,,,,,,,,,,,,,"10/400 s",F2.8,,,"Aperture priority",,,800,,,,,02.30,"2013:02:03 20:49:25","2013:02:03 20:49:25","[Y Cb Cr .]",4/1,,,,"0.00 eV",20/10,,Pattern,unknown,"Flash did not fire","5 mm",,,,,,,,,,"@ 0x04CC",,,,,01.00,sRGB,"0x[00000EC0] / 3776","0x[000009D8] / 2520",,"@ 0x2AA0",,,,,,,,"One-chip color area sensor",DSC,"A directly photographed image",,"Normal process","Auto exposure","Auto white balance",0/10,24,Standard,2,0,0,0,,,,R98,,,,,,,,,,,,,,,,,,,,,,,,,,,,,,,,,,,,1
10001127995,1,1,1,3776,2520,94.975,0,0,8,1:2:3:3:5:4:6:7,0:2:10938:69:69:420:19:2997368,4:0:2:5:3:1,0:20:706:514:9684:30,3,0,1,0,0,011111111100010010000000000,0000000000000000000,0000000000000011001001000011111000110111100000000010000111101000000011101111111111000,10000,0000000000000000000000000000000,,4,46,"1 = Row 0: top, Col 0: left",180/1,180/1,Inch,5,"2013:02:03 20:21:05",,,,,Co-sited,,,"@ 0x02CA",,,,,,,,,,,,,,,,,,,,,,,,,,,,,,,,,,,,,,,,,,,,"10/250 s",F2.8,,,"Aperture priority",,,800,,,,,02.30,"2013:02:03 20:21:05","2013:02:03 20:21:05","[Y Cb Cr .]",4/1,,,,"0.00 eV",20/10,,Pattern,unknown,"Flash did not fire","5 mm",,,,,,,,,,"@ 0x04CC",,,,,01.00,sRGB,"0x[00000EC0] / 3776","0x[000009D8] / 2520",,"@ 0x2AA0",,,,,,,,"One-chip color area sensor",DSC,"A directly photographed image",,"Normal process","Auto exposure","Auto white balance",0/10,24,Standard,2,0,0,0,,,,R98,,,,,,,,,,,,,,,,,,,,,,,,,,,,,,,,,,,,1
10001128715,1,1,1,3776,2520,94.975,0,0,8,1:2:3:3:5:4:6:7,0:2:10938:69:69:420:19:3191819,4:0:2:5:3:1,0:20:706:514:9684:30,3,0,1,0,0,011111111100010010000000000,0000000000000000000,0000000000000011001001000011111000110111100000000010000111101000000011101111111111000,10000,0000000000000000000000000000000,,4,46,"1 = Row 0: top, Col 0: left",180/1,180/1,Inch,5,"2013:02:03 20:06:49",,,,,Co-sited,,,"@ 0x02CA",,,,,,,,,,,,,,,,,,,,,,,,,,,,,,,,,,,,,,,,,,,,"10/500 s",F2.8,,,"Aperture priority",,,800,,,,,02.30,"2013:02:03 20:06:49","2013:02:03 20:06:49","[Y Cb Cr .]",4/1,,,,"0.00 eV",20/10,,Pattern,unknown,"Flash did not fire","5 mm",,,,,,,,,,"@ 0x04CC",,,,,01.00,sRGB,"0x[00000EC0] / 3776","0x[000009D8] / 2520",,"@ 0x2AA0",,,,,,,,"One-chip color area sensor",DSC,"A directly photographed image",,"Normal process","Auto exposure","Auto white balance",0/10,24,Standard,2,0,0,0,,,,R98,,,,,,,,,,,,,,,,,,,,,,,,,,,,,,,,,,,,1
10001132345,1,1,1,3776,2520,94.975,0,0,8,1:2:3:3:5:4:6:7,0:2:670:69:69:420:19:4192673,5:0:2,0:20:178,0,0,0,0,0,011111111000000010000000000,0000000000000000000,0000000000000011001001000011111000110111100000000000000111100000000011001111111111000,00000,0000000000000000000000000000000,,4,46,"1 = Row 0: top, Col 0: left",180/1,180/1,Inch,5,"2013:02:03 19:59:37",,,,,,,,"@ 0x00BA",,,,,,,,,,,,,,,,,,,,,,,,,,,,,,,,,,,,,,,,,,,,"1/20 s",F2.8,,,"Aperture priority",,,800,,,,,02.30,"2013:02:03 19:59:37","2013:02:03 19:59:37","[Y Cb Cr .]",4/1,,,,"0.00 eV",2/1,,Pattern,unknown,"Flash did not fire","5 mm",,,,,,,,,,,,,,,01.00,sRGB,"0x[00000EC0] / 3776","0x[000009D8] / 2520",,,,,,,,,,"One-chip color area sensor",DSC,,,"Normal process","Auto exposure","Auto white balance",0/1,24,Standard,2,0,0,0,,,,,,,,,,,,,,,,,,,,,,,,,,,,,,,,,,,,,,,,1
10001133564,1,348,2,3776,2520,96.025,1,1,9,1:2:12:3:4:5:9:6:7,0:2:32158:98:134:19:420:6:3266850,4:0:2:5:3:1,0:20:706:514:9684:30,3,1,1,0,0,011111111100010010000000000,0001000001101110010,0000000000000011001001000011111000110111100000000010000111101000000011101111111111000,11000,0000000000000000000000000000000,,4,46,"1 = Row 0: top, Col 0: left",180/1,180/1,Inch,5,"2013:02:03 19:46:28",,,,,Co-sited,,,"@ 0x02CA",,,,,,,,,,,,,,JPEG,,,,,,180/1,180/1,,Inch,"@ +0x2DF4 = @ 0x2E00","0x[0000206A] / 8298",,,Co-sited,,,,,,,,,,,,,,,,"10/500 s",F2.8,,,"Aperture priority",,,800,,,,,02.30,"2013:02:03 19:46:28","2013:02:03 19:46:28","[Y Cb Cr .]",4/1,,,,"0.00 eV",20/10,,Pattern,unknown,"Flash did not fire","5 mm",,,,,,,,,,"@ 0x04CC",,,,,01.00,sRGB,"0x[00000EC0] / 3776","0x[000009D8] / 2520",,"@ 0x2AA0",,,,,,,,"One-chip color area sensor",DSC,"A directly photographed image",,"Normal process","Auto exposure","Auto white balance",0/10,24,Standard,2,0,0,0,,,,R98,01.00,,,,,,,,,,,,,,,,,,,,,,,,,,,,,,,,,,,1
10001137715,1,13,2,3776,2520,97.33,1,1,9,1:2:12:3:4:5:9:6:7,0:2:32158:98:134:19:420:6:3390713,4:0:2:5:3:1,0:20:706:514:9684:30,3,1,1,0,0,011111111100010010000000000,0001000001101110010,0000000000000011001001000011111000110111100000000010000111101000000011101111111111000,11000,0000000000000000000000000000000,,4,46,"1 = Row 0: top, Col 0: left",180/1,180/1,Inch,5,"2013:02:03 19:33:12",,,,,Co-sited,,,"@ 0x02CA",,,,,,,,,,,,,,JPEG,,,,,,180/1,180/1,,Inch,"@ +0x2DF4 = @ 0x2E00","0x[00001AE2] / 6882",,,Co-sited,,,,,,,,,,,,,,,,"10/300 s",F2.8,,,"Aperture priority",,,800,,,,,02.30,"2013:02:03 19:33:12","2013:02:03 19:33:12","[Y Cb Cr .]",4/1,,,,"0.00 eV",20/10,,Pattern,unknown,"Flash did not fire","5 mm",,,,,,,,,,"@ 0x04CC",,,,,01.00,sRGB,"0x[00000EC0] / 3776","0x[000009D8] / 2520",,"@ 0x2AA0",,,,,,,,"One-chip color area sensor",DSC,"A directly photographed image",,"Normal process","Auto exposure","Auto white balance",0/10,24,Standard,2,0,0,0,,,,R98,01.00,,,,,,,,,,,,,,,,,,,,,,,,,,,,,,,,,,,1
10001138755,1,1,1,3776,2520,94.975,0,0,8,1:2:3:3:5:4:6:7,0:2:10938:69:69:420:19:3099363,4:0:2:5:3:1,0:20:706:514:9684:30,3,0,1,0,0,011111111100010010000000000,0000000000000000000,0000000000000011001001000011111000110111100000000010000111101000000011101111111111000,10000,0000000000000000000000000000000,,4,46,"1 = Row 0: top, Col 0: left",180/1,180/1,Inch,5,"2013:02:03 19:33:00",,,,,Co-sited,,,"@ 0x02CA",,,,,,,,,,,,,,,,,,,,,,,,,,,,,,,,,,,,,,,,,,,,"10/600 s",F2.8,,,"Aperture priority",,,800,,,,,02.30,"2013:02:03 19:33:00","2013:02:03 19:33:00","[Y Cb Cr .]",4/1,,,,"0.00 eV",20/10,,Pattern,unknown,"Flash did not fire","5 mm",,,,,,,,,,"@ 0x04CC",,,,,01.00,sRGB,"0x[00000EC0] / 3776","0x[000009D8] / 2520",,"@ 0x2AA0",,,,,,,,"One-chip color area sensor",DSC,"A directly photographed image",,"Normal process","Auto exposure","Auto white balance",0/10,24,Standard,2,0,0,0,,,,R98,,,,,,,,,,,,,,,,,,,,,,,,,,,,,,,,,,,,1
10001139454,1,1,1,3776,2520,94.975,0,0,8,1:2:3:3:5:4:6:7,0:2:10938:69:69:420:19:2739906,4:0:2:5:3:1,0:20:706:514:9684:30,3,0,1,0,0,011111111100010010000000000,0000000000000000000,0000000000000011001001000011111000110111100000000010000111101000000011101111111111000,10000,0000000000000000000000000000000,,4,46,"1 = Row 0: top, Col 0: left",180/1,180/1,Inch,5,"2013:02:03 19:22:35",,,,,Co-sited,,,"@ 0x02CA",,,,,,,,,,,,,,,,,,,,,,,,,,,,,,,,,,,,,,,,,,,,"10/800 s",F2.8,,,"Aperture priority",,,800,,,,,02.30,"2013:02:03 19:22:35","2013:02:03 19:22:35","[Y Cb Cr .]",4/1,,,,"0.00 eV",20/10,,Pattern,unknown,"Flash did not fire","5 mm",,,,,,,,,,"@ 0x04CC",,,,,01.00,sRGB,"0x[00000EC0] / 3776","0x[000009D8] / 2520",,"@ 0x2AA0",,,,,,,,"One-chip color area sensor",DSC,"A directly photographed image",,"Normal process","Auto exposure","Auto white balance",0/10,24,Standard,2,0,0,0,,,,R98,,,,,,,,,,,,,,,,,,,,,,,,,,,,,,,,,,,,1
10001139565,1,1,1,3776,2520,94.975,0,0,8,1:2:3:3:5:4:6:7,0:2:10938:69:69:420:19:2985158,4:0:2:5:3:1,0:20:706:514:9684:30,3,0,1,0,0,011111111100010010000000000,0000000000000000000,0000000000000011001001000011111000110111100000000010000111101000000011101111111111000,10000,0000000000000000000000000000000,,4,46,"1 = Row 0: top, Col 0: left",180/1,180/1,Inch,5,"2013:02:03 19:32:57",,,,,Co-sited,,,"@ 0x02CA",,,,,,,,,,,,,,,,,,,,,,,,,,,,,,,,,,,,,,,,,,,,"10/600 s",F2.8,,,"Aperture priority",,,800,,,,,02.30,"2013:02:03 19:32:57","2013:02:03 19:32:57","[Y Cb Cr .]",4/1,,,,"0.00 eV",20/10,,Pattern,unknown,"Flash did not fire","5 mm",,,,,,,,,,"@ 0x04CC",,,,,01.00,sRGB,"0x[00000EC0] / 3776","0x[000009D8] / 2520",,"@ 0x2AA0",,,,,,,,"One-chip color area sensor",DSC,"A directly photographed image",,"Normal process","Auto exposure","Auto white balance",0/10,24,Standard,2,0,0,0,,,,R98,,,,,,,,,,,,,,,,,,,,,,,,,,,,,,,,,,,,1
10001140995,1,1,1,3776,2520,94.975,0,0,8,1:2:3:3:5:4:6:7,0:2:10938:69:69:420:19:2847277,4:0:2:5:3:1,0:20:706:514:9684:30,3,0,1,0,0,011111111100010010000000000,0000000000000000000,0000000000000011001001000011111000110111100000000010000111101000000011101111111111000,10000,0000000000000000000000000000000,,4,46,"1 = Row 0: top, Col 0: left",180/1,180/1,Inch,5,"2013:02:03 19:24:44",,,,,Co-sited,,,"@ 0x02CA",,,,,,,,,,,,,,,,,,,,,,,,,,,,,,,,,,,,,,,,,,,,"10/250 s",F2.8,,,"Aperture priority",,,800,,,,,02.30,"2013:02:03 19:24:44","2013:02:03 19:24:44","[Y Cb Cr .]",4/1,,,,"0.00 eV",20/10,,Pattern,unknown,"Flash did not fire","5 mm",,,,,,,,,,"@ 0x04CC",,,,,01.00,sRGB,"0x[00000EC0] / 3776","0x[000009D8] / 2520",,"@ 0x2AA0",,,,,,,,"One-chip color area sensor",DSC,"A directly photographed image",,"Normal process","Auto exposure","Auto white balance",0/10,24,Standard,2,0,0,0,,,,R98,,,,,,,,,,,,,,,,,,,,,,,,,,,,,,,,,,,,1
10001146673,1,34,2,4288,2848,98.205,0,0,7,1:2:3:4:5:6:7,0:2:65536:134:19:420:7010232,0:2:5:3:4:1,20:220:636:33060:32:20,0,0,0,0,0,011111111000010011000000000,0001000001101110010,0000000000000011001001000011111000110111100000000011111111101000000011101111111111010,11000,1000000000000000000000000000000,,6,8,"1 = Row 0: top, Col 0: left",300/1,300/1,Inch,7,"2011:08:06 12:17:18",,,,,Co-sited,,,"@ 0x00E4","@ 0x84A4",,,,,,,,,,,,,JPEG,,,,,,300/1,300/1,,Inch,"@ +0x8524 = @ 0x8530","0x[00002500] / 9472",,,Co-sited,,,,,,,,,,,,,,,,"10/3200 s",F10.0,,,"Not defined",,,200,,,,,02.21,"2011:08:06 12:17:18","2011:08:06 12:17:18","[Y Cb Cr .]",4/1,,,,"0.00 eV",36/10,,Pattern,unknown,"Flash did not fire","18 mm",,,,,,,,,,"@ 0x0360",,00,00,00,01.00,sRGB,4288,2848,,"@ 0x8484",,,,,,,,"One-chip color area sensor",DSC,"A directly photographed image",,"Normal process","Auto exposure","Auto white balance",1/1,27,Landscape,0,0,0,0,,0,,R98,01.00,,,,2.2.0.0,,,,,,,,,,,,,,,,,,,,,,,,,,,,,,,1
10001154623,1,1,2,4608,3456,94.975,0,1,7,1:2:3:5:4:6:7,0:2:19527:199:420:19:3367627,4:0:2:5:3:1,0:20:988:636:4800:30,1,0,0,0,0,111111111000010010000000000,0001000001101110000,0000000000000011001001000011111000110111100000000011000111101000000001101111111111000,11000,0000000000000000000000000000000,"OLYMPUS DIGITAL CAMERA",9,1439,"1 = Row 0: top, Col 0: left",72/1,72/1,Inch,12,"2013:09:29 14:58:03",,,,,Co-sited,,,"@ 0x03E4",,,,,,,,,,,,,,JPEG,,,,,,72/1,72/1,,Inch,"@ +0x23F4 = @ 0x2400","0x[000026C9] / 9929",,,,,,,,,,,,,,,,,,,"10/300 s",F3.0,,,"Creative program (depth of fi",,,80,,,,,02.21,"2013:09:29 14:58:03","2013:09:29 14:58:03","[Y Cb Cr .]",2/1,,,,"0.00 eV",317/100,,Pattern,unknown,"Flash did not fire","5 mm",,,,,,,,,,"@ 0x0660",,,,,01.00,sRGB,"0x[00001200] / 4608","0x[00000D80] / 3456",,"@ 0x1920",,,,,,,,,DSC,"A directly photographed image",,"Normal process","Auto exposure","Auto white balance",0/100,25,Standard,0,0,0,0,,,,R98,01.00,,,,,,,,,,,,,,,,,,,,,,,,,,,,,,,,,,,1
10001162334,1,34,2,4288,2848,98.205,0,0,7,1:2:3:4:5:6:7,0:2:65536:134:19:420:6573115,0:2:5:3:4:1,20:220:636:34116:32:20,0,0,0,0,0,011111111000010011000000000,0001000001101110010,0000000000000011001001000011111000110111100000000011111111101000000011101111111111010,11000,1000000000000000000000000000000,,6,8,"1 = Row 0: top, Col 0: left",300/1,300/1,Inch,7,"2011:08:05 11:50:00",,,,,Co-sited,,,"@ 0x00E4","@ 0x88C4",,,,,,,,,,,,,JPEG,,,,,,300/1,300/1,,Inch,"@ +0x8944 = @ 0x8950","0x[0000260D] / 9741",,,Co-sited,,,,,,,,,,,,,,,,"10/3200 s",F10.0,,,"Not defined",,,200,,,,,02.21,"2011:08:05 11:50:00","2011:08:05 11:50:00","[Y Cb Cr .]",4/1,,,,"0.00 eV",36/10,,Pattern,unknown,"Flash did not fire","18 mm",,,,,,,,,,"@ 0x0360",,00,00,00,01.00,sRGB,4288,2848,,"@ 0x88A4",,,,,,,,"One-chip color area sensor",DSC,"A directly photographed image",,"Normal process","Auto exposure","Auto white balance",1/1,27,Landscape,0,0,0,0,,0,,R98,01.00,,,,2.2.0.0,,,,,,,,,,,,,,,,,,,,,,,,,,,,,,,1
10001178246,1,1,1,3776,2520,94.975,0,0,8,1:2:3:3:5:4:6:7,0:2:10938:69:69:420:19:3784334,4:0:2:5:3:1,0:20:706:514:9684:30,3,0,1,0,0,011111111100010010000000000,0000000000000000000,0000000000000011001001000011111000110111100000000010000111101000000011101111111111000,10000,0000000000000000000000000000000,,4,46,"1 = Row 0: top, Col 0: left",180/1,180/1,Inch,5,"2013:02:03 21:19:16",,,,,Co-sited,,,"@ 0x02CA",,,,,,,,,,,,,,,,,,,,,,,,,,,,,,,,,,,,,,,,,,,,"10/250 s",F2.8,,,"Aperture priority",,,800,,,,,02.30,"2013:02:03 21:19:16","2013:02:03 21:19:16","[Y Cb Cr .]",4/1,,,,"0.00 eV",20/10,,Pattern,unknown,"Flash did not fire","5 mm",,,,,,,,,,"@ 0x04CC",,,,,01.00,sRGB,"0x[00000EC0] / 3776","0x[000009D8] / 2520",,"@ 0x2AA0",,,,,,,,"One-chip color area sensor",DSC,"A directly photographed image",,"Normal process","Auto exposure","Auto white balance",0/10,24,Standard,2,0,0,0,,,,R98,,,,,,,,,,,,,,,,,,,,,,,,,,,,,,,,,,,,1
10001179646,1,1,1,3776,2520,94.975,0,0,8,1:2:3:3:5:4:6:7,0:2:10938:69:69:420:19:3181533,4:0:2:5:3:1,0:20:706:514:9684:30,3,0,1,0,0,011111111100010010000000000,0000000000000000000,0000000000000011001001000011111000110111100000000010000111101000000011101111111111000,10000,0000000000000000000000000000000,,4,46,"1 = Row 0: top, Col 0: left",180/1,180/1,Inch,5,"2013:02:03 21:15:55",,,,,Co-sited,,,"@ 0x02CA",,,,,,,,,,,,,,,,,,,,,,,,,,,,,,,,,,,,,,,,,,,,"10/800 s",F2.8,,,"Aperture priority",,,800,,,,,02.30,"2013:02:03 21:15:55","2013:02:03 21:15:55","[Y Cb Cr .]",4/1,,,,"0.00 eV",20/10,,Pattern,unknown,"Flash did not fire","5 mm",,,,,,,,,,"@ 0x04CC",,,,,01.00,sRGB,"0x[00000EC0] / 3776","0x[000009D8] / 2520",,"@ 0x2AA0",,,,,,,,"One-chip color area sensor",DSC,"A directly photographed image",,"Normal process","Auto exposure","Auto white balance",0/10,24,Standard,2,0,0,0,,,,R98,,,,,,,,,,,,,,,,,,,,,,,,,,,,,,,,,,,,1
10001189296,1,1,1,3776,2520,94.975,0,0,8,1:2:3:3:5:4:6:7,0:2:10938:69:69:420:19:3366800,4:0:2:5:3:1,0:20:706:514:9684:30,3,0,1,0,0,011111111100010010000000000,0000000000000000000,0000000000000011001001000011111000110111100000000010000111101000000011101111111111000,10000,0000000000000000000000000000000,,4,46,"1 = Row 0: top, Col 0: left",180/1,180/1,Inch,5,"2013:02:03 19:59:29",,,,,Co-sited,,,"@ 0x02CA",,,,,,,,,,,,,,,,,,,,,,,,,,,,,,,,,,,,,,,,,,,,"10/200 s",F2.8,,,"Aperture priority",,,800,,,,,02.30,"2013:02:03 19:59:29","2013:02:03 19:59:29","[Y Cb Cr .]",4/1,,,,"0.00 eV",20/10,,Pattern,unknown,"Flash did not fire","5 mm",,,,,,,,,,"@ 0x04CC",,,,,01.00,sRGB,"0x[00000EC0] / 3776","0x[000009D8] / 2520",,"@ 0x2AA0",,,,,,,,"One-chip color area sensor",DSC,"A directly photographed image",,"Normal process","Auto exposure","Auto white balance",0/10,24,Standard,2,0,0,0,,,,R98,,,,,,,,,,,,,,,,,,,,,,,,,,,,,,,,,,,,1
10001189626,1,1,1,3776,2520,94.975,0,0,8,1:2:3:3:5:4:6:7,0:2:10938:69:69:420:19:3218751,4:0:2:5:3:1,0:20:706:514:9684:30,3,0,1,0,0,011111111100010010000000000,0000000000000000000,0000000000000011001001000011111000110111100000000010000111101000000011101111111111000,10000,0000000000000000000000000000000,,4,46,"1 = Row 0: top, Col 0: left",180/1,180/1,Inch,5,"2013:02:03 19:59:22",,,,,Co-sited,,,"@ 0x02CA",,,,,,,,,,,,,,,,,,,,,,,,,,,,,,,,,,,,,,,,,,,,"10/150 s",F2.8,,,"Aperture priority",,,800,,,,,02.30,"2013:02:03 19:59:22","2013:02:03 19:59:22","[Y Cb Cr .]",4/1,,,,"0.00 eV",20/10,,Pattern,unknown,"Flash did not fire","5 mm",,,,,,,,,,"@ 0x04CC",,,,,01.00,sRGB,"0x[00000EC0] / 3776","0x[000009D8] / 2520",,"@ 0x2AA0",,,,,,,,"One-chip color area sensor",DSC,"A directly photographed image",,"Normal process","Auto exposure","Auto white balance",0/10,24,Standard,2,0,0,0,,,,R98,,,,,,,,,,,,,,,,,,,,,,,,,,,,,,,,,,,,1
10001190776,1,1,1,3776,2520,94.975,0,0,8,1:2:3:3:5:4:6:7,0:2:10938:69:69:420:19:3576467,4:0:2:5:3:1,0:20:706:514:9684:30,3,0,1,0,0,011111111100010010000000000,0000000000000000000,0000000000000011001001000011111000110111100000000010000111101000000011101111111111000,10000,0000000000000000000000000000000,,4,46,"1 = Row 0: top, Col 0: left",180/1,180/1,Inch,5,"2013:02:03 19:59:16",,,,,Co-sited,,,"@ 0x02CA",,,,,,,,,,,,,,,,,,,,,,,,,,,,,,,,,,,,,,,,,,,,"10/130 s",F2.8,,,"Aperture priority",,,800,,,,,02.30,"2013:02:03 19:59:16","2013:02:03 19:59:16","[Y Cb Cr .]",4/1,,,,"0.00 eV",20/10,,Pattern,unknown,"Flash did not fire","5 mm",,,,,,,,,,"@ 0x04CC",,,,,01.00,sRGB,"0x[00000EC0] / 3776","0x[000009D8] / 2520",,"@ 0x2AA0",,,,,,,,"One-chip color area sensor",DSC,"A directly photographed image",,"Normal process","Auto exposure","Auto white balance",0/10,24,Standard,2,0,0,0,,,,R98,,,,,,,,,,,,,,,,,,,,,,,,,,,,,,,,,,,,1
10001190946,1,1,1,2520,3776,94.975,0,0,8,1:2:3:3:5:4:6:7,0:2:10938:69:69:420:19:3584596,4:0:2:5:3:1,0:20:706:514:9684:30,3,0,1,0,0,011111111100010010000000000,0000000000000000000,0000000000000011001001000011111000110111100000000010000111101000000011101111111111000,10000,0000000000000000000000000000000,,4,46,"1 = Row 0: top, Col 0: left",180/1,180/1,Inch,5,"2013:02:03 19:59:00",,,,,Co-sited,,,"@ 0x02CA",,,,,,,,,,,,,,,,,,,,,,,,,,,,,,,,,,,,,,,,,,,,"10/130 s",F2.8,,,"Aperture priority",,,800,,,,,02.30,"2013:02:03 19:59:00","2013:02:03 19:59:00","[Y Cb Cr .]",4/1,,,,"0.00 eV",20/10,,Pattern,unknown,"Flash did not fire","5 mm",,,,,,,,,,"@ 0x04CC",,,,,01.00,sRGB,"0x[00000EC0] / 3776","0x[000009D8] / 2520",,"@ 0x2AA0",,,,,,,,"One-chip color area sensor",DSC,"A directly photographed image",,"Normal process","Auto exposure","Auto white balance",0/10,24,Standard,2,0,0,0,,,,R98,,,,,,,,,,,,,,,,,,,,,,,,,,,,,,,,,,,,1
10001192176,1,34,2,4288,2848,98.205,0,0,7,1:2:3:4:5:6:7,0:2:65536:134:19:420:6872460,0:2:5:3:4:1,20:220:636:33944:32:20,0,0,0,0,0,011111111000010011000000000,0001000001101110010,0000000000000011001001000011111000110111100000000011111111101000000011101111111111010,11000,1000000000000000000000000000000,,6,8,"1 = Row 0: top, Col 0: left",300/1,300/1,Inch,7,"2011:08:05 14:28:46",,,,,Co-sited,,,"@ 0x00E4","@ 0x8818",,,,,,,,,,,,,JPEG,,,,,,300/1,300/1,,Inch,"@ +0x8898 = @ 0x88A4","0x[000024F4] / 9460",,,Co-sited,,,,,,,,,,,,,,,,"10/2500 s",F10.0,,,"Not defined",,,220,,,,,02.21,"2011:08:05 14:28:46","2011:08:05 14:28:46","[Y Cb Cr .]",4/1,,,,"0.00 eV",38/10,,Pattern,unknown,"Flash did not fire","21 mm",,,,,,,,,,"@ 0x0360",,00,00,00,01.00,sRGB,4288,2848,,"@ 0x87F8",,,,,,,,"One-chip color area sensor",DSC,"A directly photographed image",,"Normal process","Auto exposure","Auto white balance",1/1,31,Landscape,0,0,0,0,,0,,R98,01.00,,,,2.2.0.0,,,,,,,,,,,,,,,,,,,,,,,,,,,,,,,1
10001195966,1,1,1,3776,2520,94.975,0,0,8,1:2:3:3:5:4:6:7,0:2:10938:69:69:420:19:3294140,4:0:2:5:3:1,0:20:706:514:9684:30,3,0,1,0,0,011111111100010010000000000,0000000000000000000,0000000000000011001001000011111000110111100000000010000111101000000011101111111111000,10000,0000000000000000000000000000000,,4,46,"1 = Row 0: top, Col 0: left",180/1,180/1,Inch,5,"2013:02:03 19:26:18",,,,,Co-sited,,,"@ 0x02CA",,,,,,,,,,,,,,,,,,,,,,,,,,,,,,,,,,,,,,,,,,,,"10/300 s",F2.8,,,"Aperture priority",,,800,,,,,02.30,"2013:02:03 19:26:18","2013:02:03 19:26:18","[Y Cb Cr .]",4/1,,,,"0.00 eV",20/10,,Pattern,unknown,"Flash did not fire","5 mm",,,,,,,,,,"@ 0x04CC",,,,,01.00,sRGB,"0x[00000EC0] / 3776","0x[000009D8] / 2520",,"@ 0x2AA0",,,,,,,,"One-chip color area sensor",DSC,"A directly photographed image",,"Normal process","Auto exposure","Auto white balance",0/10,24,Standard,2,0,0,0,,,,R98,,,,,,,,,,,,,,,,,,,,,,,,,,,,,,,,,,,,1
10001197096,1,1,1,3776,2520,94.975,0,0,8,1:2:3:3:5:4:6:7,0:2:10938:69:69:420:19:3136964,4:0:2:5:3:1,0:20:706:514:9684:30,3,0,1,0,0,011111111100010010000000000,0000000000000000000,0000000000000011001001000011111000110111100000000010000111101000000011101111111111000,10000,0000000000000000000000000000000,,4,46,"1 = Row 0: top, Col 0: left",180/1,180/1,Inch,5,"2013:02:03 19:24:04",,,,,Co-sited,,,"@ 0x02CA",,,,,,,,,,,,,,,,,,,,,,,,,,,,,,,,,,,,,,,,,,,,"10/250 s",F2.8,,,"Aperture priority",,,800,,,,,02.30,"2013:02:03 19:24:04","2013:02:03 19:24:04","[Y Cb Cr .]",4/1,,,,"0.00 eV",20/10,,Pattern,unknown,"Flash did not fire","5 mm",,,,,,,,,,"@ 0x04CC",,,,,01.00,sRGB,"0x[00000EC0] / 3776","0x[000009D8] / 2520",,"@ 0x2AA0",,,,,,,,"One-chip color area sensor",DSC,"A directly photographed image",,"Normal process","Auto exposure","Auto white balance",0/10,24,Standard,2,0,0,0,,,,R98,,,,,,,,,,,,,,,,,,,,,,,,,,,,,,,,,,,,1
10001197436,1,1,1,3776,2520,94.975,0,0,8,1:2:3:3:5:4:6:7,0:2:10938:69:69:420:19:2938869,4:0:2:5:3:1,0:20:706:514:9684:30,3,0,1,0,0,011111111100010010000000000,0000000000000000000,0000000000000011001001000011111000110111100000000010000111101000000011101111111111000,10000,0000000000000000000000000000000,,4,46,"1 = Row 0: top, Col 0: left",180/1,180/1,Inch,5,"2013:02:03 19:22:38",,,,,Co-sited,,,"@ 0x02CA",,,,,,,,,,,,,,,,,,,,,,,,,,,,,,,,,,,,,,,,,,,,"10/1000 s",F2.8,,,"Aperture priority",,,800,,,,,02.30,"2013:02:03 19:22:38","2013:02:03 19:22:38","[Y Cb Cr .]",4/1,,,,"0.00 eV",20/10,,Pattern,unknown,"Flash did not fire","5 mm",,,,,,,,,,"@ 0x04CC",,,,,01.00,sRGB,"0x[00000EC0] / 3776","0x[000009D8] / 2520",,"@ 0x2AA0",,,,,,,,"One-chip color area sensor",DSC,"A directly photographed image",,"Normal process","Auto exposure","Auto white balance",0/10,24,Standard,2,0,0,0,,,,R98,,,,,,,,,,,,,,,,,,,,,,,,,,,,,,,,,,,,1
10001197755,1,34,2,4288,2848,98.205,0,0,7,1:2:3:4:5:6:7,0:2:65536:134:19:420:6719629,0:2:5:3:4:1,20:220:636:35460:32:20,0,0,0,0,0,011111111000010011000000000,0001000001101110010,0000000000000011001001000011111000110111100000000011111111101000000011101111111111010,11000,1000000000000000000000000000000,,6,8,"1 = Row 0: top, Col 0: left",300/1,300/1,Inch,7,"2011:08:05 10:21:09",,,,,Co-sited,,,"@ 0x00E4","@ 0x8E04",,,,,,,,,,,,,JPEG,,,,,,300/1,300/1,,Inch,"@ +0x8E84 = @ 0x8E90","0x[00002530] / 9520",,,Co-sited,,,,,,,,,,,,,,,,"10/20000 s",F4.0,,,Manual,,,200,,,,,02.21,"2011:08:05 10:21:09","2011:08:05 10:21:09","[Y Cb Cr .]",4/1,,,,"0.00 eV",40/10,,Pattern,unknown,"Flash did not fire","25 mm",,,,,,,,,,"@ 0x0360",,00,00,00,01.00,sRGB,4288,2848,,"@ 0x8DE4",,,,,,,,"One-chip color area sensor",DSC,"A directly photographed image",,"Normal process","Manual exposure","Auto white balance",1/1,37,Standard,0,0,0,0,,0,,R98,01.00,,,,2.2.0.0,,,,,,,,,,,,,,,,,,,,,,,,,,,,,,,1
10001199156,1,1,1,3776,2520,94.975,0,0,8,1:2:3:3:5:4:6:7,0:2:10938:69:69:420:19:3090115,4:0:2:5:3:1,0:20:706:514:9684:30,3,0,1,0,0,011111111100010010000000000,0000000000000000000,0000000000000011001001000011111000110111100000000010000111101000000011101111111111000,10000,0000000000000000000000000000000,,4,46,"1 = Row 0: top, Col 0: left",180/1,180/1,Inch,5,"2013:02:03 19:22:25",,,,,Co-sited,,,"@ 0x02CA",,,,,,,,,,,,,,,,,,,,,,,,,,,,,,,,,,,,,,,,,,,,"10/600 s",F2.8,,,"Aperture priority",,,800,,,,,02.30,"2013:02:03 19:22:25","2013:02:03 19:22:25","[Y Cb Cr .]",4/1,,,,"0.00 eV",20/10,,Pattern,unknown,"Flash did not fire","5 mm",,,,,,,,,,"@ 0x04CC",,,,,01.00,sRGB,"0x[00000EC0] / 3776","0x[000009D8] / 2520",,"@ 0x2AA0",,,,,,,,"One-chip color area sensor",DSC,"A directly photographed image",,"Normal process","Auto exposure","Auto white balance",0/10,24,Standard,2,0,0,0,,,,R98,,,,,,,,,,,,,,,,,,,,,,,,,,,,,,,,,,,,1
10001199646,1,1,1,3776,2520,94.975,0,0,8,1:2:3:3:5:4:6:7,0:2:10938:69:69:420:19:3399562,4:0:2:5:3:1,0:20:706:514:9684:30,3,0,1,0,0,011111111100010010000000000,0000000000000000000,0000000000000011001001000011111000110111100000000010000111101000000011101111111111000,10000,0000000000000000000000000000000,,4,46,"1 = Row 0: top, Col 0: left",180/1,180/1,Inch,5,"2013:02:03 19:21:20",,,,,Co-sited,,,"@ 0x02CA",,,,,,,,,,,,,,,,,,,,,,,,,,,,,,,,,,,,,,,,,,,,"10/250 s",F2.8,,,"Aperture priority",,,800,,,,,02.30,"2013:02:03 19:21:20","2013:02:03 19:21:20","[Y Cb Cr .]",4/1,,,,"0.00 eV",20/10,,Pattern,unknown,"Flash did not fire","5 mm",,,,,,,,,,"@ 0x04CC",,,,,01.00,sRGB,"0x[00000EC0] / 3776","0x[000009D8] / 2520",,"@ 0x2AA0",,,,,,,,"One-chip color area sensor",DSC,"A directly photographed image",,"Normal process","Auto exposure","Auto white balance",0/10,24,Standard,2,0,0,0,,,,R98,,,,,,,,,,,,,,,,,,,,,,,,,,,,,,,,,,,,1
10001229263,1,34,2,4288,2848,98.205,0,0,7,1:2:3:4:5:6:7,0:2:65536:134:19:420:6187492,0:2:5:3:4:1,20:220:636:33968:32:20,0,0,0,0,0,011111111000010011000000000,0001000001101110010,0000000000000011001001000011111000110111100000000011111111101000000011101111111111010,11000,1000000000000000000000000000000,,6,8,"1 = Row 0: top, Col 0: left",300/1,300/1,Inch,7,"2011:08:06 08:58:04",,,,,Co-sited,,,"@ 0x00E4","@ 0x8830",,,,,,,,,,,,,JPEG,,,,,,300/1,300/1,,Inch,"@ +0x88B0 = @ 0x88BC","0x[00002518] / 9496",,,Co-sited,,,,,,,,,,,,,,,,"10/4000 s",F10.0,,,"Not defined",,,200,,,,,02.21,"2011:08:06 08:58:04","2011:08:06 08:58:04","[Y Cb Cr .]",4/1,,,,"0.00 eV",37/10,,Pattern,unknown,"Flash did not fire","18 mm",,,,,,,,,,"@ 0x0360",,00,00,00,01.00,sRGB,4288,2848,,"@ 0x8810",,,,,,,,"One-chip color area sensor",DSC,"A directly photographed image",,"Normal process","Auto exposure","Auto white balance",1/1,27,Standard,0,0,0,0,,0,,R98,01.00,,,,2.2.0.0,,,,,,,,,,,,,,,,,,,,,,,,,,,,,,,1
10001252524,1,34,2,4288,2848,98.205,0,0,7,1:2:3:4:5:6:7,0:2:65536:134:19:420:5921930,0:2:5:3:4:1,20:220:636:34838:30:20,0,0,0,0,0,011111111000010011000000000,0001000001101110010,0000000000000011001001000011111000110111100000000011111111101000000011101111111111010,11000,1000000000000000000000000000000,,6,8,"1 = Row 0: top, Col 0: left",300/1,300/1,Inch,7,"2011:08:03 12:08:32",,,,,Co-sited,,,"@ 0x00E4","@ 0x8B94",,,,,,,,,,,,,JPEG,,,,,,300/1,300/1,,Inch,"@ +0x8C14 = @ 0x8C20","0x[000024E4] / 9444",,,Co-sited,,,,,,,,,,,,,,,,"10/32000 s",F3.5,,,Manual,,,200,,,,,02.21,"2011:08:03 12:08:32","2011:08:03 12:08:32","[Y Cb Cr .]",4/1,,,,"0.00 eV",36/10,,Pattern,unknown,"Flash did not fire","18 mm",,,,,,,,,,"@ 0x0360",,00,00,00,01.00,sRGB,4288,2848,,"@ 0x8B76",,,,,,,,"One-chip color area sensor",DSC,"A directly photographed image",,"Normal process","Manual exposure","Auto white balance",1/1,27,Standard,0,0,0,0,,0,,R98,01.00,,,,2.2.0.0,,,,,,,,,,,,,,,,,,,,,,,,,,,,,,,1
10001254803,1,1,1,3776,2520,94.975,0,0,8,1:2:3:3:5:4:6:7,0:2:10938:69:69:420:19:3565351,4:0:2:5:3:1,0:20:706:514:9684:30,3,0,1,0,0,011111111100010010000000000,0000000000000000000,0000000000000011001001000011111000110111100000000010000111101000000011101111111111000,10000,0000000000000000000000000000000,,4,46,"1 = Row 0: top, Col 0: left",180/1,180/1,Inch,5,"2013:02:03 20:00:01",,,,,Co-sited,,,"@ 0x02CA",,,,,,,,,,,,,,,,,,,,,,,,,,,,,,,,,,,,,,,,,,,,"10/400 s",F2.8,,,"Aperture priority",,,800,,,,,02.30,"2013:02:03 20:00:01","2013:02:03 20:00:01","[Y Cb Cr .]",4/1,,,,"0.00 eV",20/10,,Pattern,unknown,"Flash did not fire","5 mm",,,,,,,,,,"@ 0x04CC",,,,,01.00,sRGB,"0x[00000EC0] / 3776","0x[000009D8] / 2520",,"@ 0x2AA0",,,,,,,,"One-chip color area sensor",DSC,"A directly photographed image",,"Normal process","Auto exposure","Auto white balance",0/10,24,Standard,2,0,0,0,,,,R98,,,,,,,,,,,,,,,,,,,,,,,,,,,,,,,,,,,,1
10001256203,1,1,1,3776,2520,94.975,0,0,8,1:2:3:3:5:4:6:7,0:2:10938:69:69:420:19:3757724,4:0:2:5:3:1,0:20:706:514:9684:30,3,0,1,0,0,011111111100010010000000000,0000000000000000000,0000000000000011001001000011111000110111100000000010000111101000000011101111111111000,10000,0000000000000000000000000000000,,4,46,"1 = Row 0: top, Col 0: left",180/1,180/1,Inch,5,"2013:02:03 19:59:43",,,,,Co-sited,,,"@ 0x02CA",,,,,,,,,,,,,,,,,,,,,,,,,,,,,,,,,,,,,,,,,,,,"10/200 s",F2.8,,,"Aperture priority",,,800,,,,,02.30,"2013:02:03 19:59:43","2013:02:03 19:59:43","[Y Cb Cr .]",4/1,,,,"0.00 eV",20/10,,Pattern,unknown,"Flash did not fire","5 mm",,,,,,,,,,"@ 0x04CC",,,,,01.00,sRGB,"0x[00000EC0] / 3776","0x[000009D8] / 2520",,"@ 0x2AA0",,,,,,,,"One-chip color area sensor",DSC,"A directly photographed image",,"Normal process","Auto exposure","Auto white balance",0/10,24,Standard,2,0,0,0,,,,R98,,,,,,,,,,,,,,,,,,,,,,,,,,,,,,,,,,,,1
10001262103,1,1,1,3776,2520,94.975,0,0,8,1:2:3:3:5:4:6:7,0:2:10938:69:69:420:19:2972556,4:0:2:5:3:1,0:20:706:514:9684:30,3,0,1,0,0,011111111100010010000000000,0000000000000000000,0000000000000011001001000011111000110111100000000010000111101000000011101111111111000,10000,0000000000000000000000000000000,,4,46,"1 = Row 0: top, Col 0: left",180/1,180/1,Inch,5,"2013:02:03 19:36:00",,,,,Co-sited,,,"@ 0x02CA",,,,,,,,,,,,,,,,,,,,,,,,,,,,,,,,,,,,,,,,,,,,"10/500 s",F2.8,,,"Aperture priority",,,800,,,,,02.30,"2013:02:03 19:36:00","2013:02:03 19:36:00","[Y Cb Cr .]",4/1,,,,"0.00 eV",20/10,,Pattern,unknown,"Flash did not fire","5 mm",,,,,,,,,,"@ 0x04CC",,,,,01.00,sRGB,"0x[00000EC0] / 3776","0x[000009D8] / 2520",,"@ 0x2AA0",,,,,,,,"One-chip color area sensor",DSC,"A directly photographed image",,"Normal process","Auto exposure","Auto white balance",0/10,24,Standard,2,0,0,0,,,,R98,,,,,,,,,,,,,,,,,,,,,,,,,,,,,,,,,,,,1
10001311735,1,34,2,4288,2848,98.205,0,0,7,1:2:3:4:5:6:7,0:2:65536:134:19:420:6227365,0:2:5:3:4:1,20:220:636:33946:30:20,0,0,0,0,0,011111111000010011000000000,0001000001101110010,0000000000000011001001000011111000110111100000000011111111101000000011101111111111010,11000,1000000000000000000000000000000,,6,8,"1 = Row 0: top, Col 0: left",300/1,300/1,Inch,7,"2011:08:03 09:46:53",,,,,Co-sited,,,"@ 0x00E4","@ 0x8818",,,,,,,,,,,,,JPEG,,,,,,300/1,300/1,,Inch,"@ +0x8898 = @ 0x88A4","0x[00002381] / 9089",,,Co-sited,,,,,,,,,,,,,,,,"10/20000 s",F3.5,,,Manual,,,200,,,,,02.21,"2011:08:03 09:46:53","2011:08:03 09:46:53","[Y Cb Cr .]",4/1,,,,"0.00 eV",36/10,,Pattern,unknown,"Flash did not fire","18 mm",,,,,,,,,,"@ 0x0360",,00,00,00,01.00,sRGB,4288,2848,,"@ 0x87FA",,,,,,,,"One-chip color area sensor",DSC,"A directly photographed image",,"Normal process","Manual exposure","Auto white balance",1/1,27,Standard,0,0,0,0,,0,,R98,01.00,,,,2.2.0.0,,,,,,,,,,,,,,,,,,,,,,,,,,,,,,,1
10001353455,1,304,2,2816,2112,71.085,0,1,7,1:2:3:4:5:6:7,0:2:9728:134:19:420:464278,4:0:2:5:3:1,0:20:232:494:2494:78,0,0,0,0,0,111111101000010010000000000,0001000001101110000,0000000000000011000001000011111110110101100000000011000111101001110011001111010000000,11011,0000000000000000000000000000000,,14,547,"1 = Row 0: top, Col 0: left",180/1,180/1,Inch,1,"2013:09:07 17:11:55",,,,,Co-sited,,,"@ 0x00F0",,,,,,,,,,,,,,JPEG,,,,,,180/1,180/1,,Inch,"@ +0x13F4 = @ 0x1400","0x[00001087] / 4231",,,,,,,,,,,,,,,,,,,"1/200 s",F8.0,,,,,,80,,,,,02.21,"2013:09:07 17:11:55","2013:09:07 17:11:55","[Y Cb Cr .]",2/1,245/32,192/32,,"0.00 eV",95/32,,Pattern,,"Flash did not fire","6 mm",,,,,,,,,,"@ 0x02DE",,,,,01.00,sRGB,2816,2112,,"@ 0x0C9C",,,2816000/241,2112000/181,Inch,,,"One-chip color area sensor",DSC,,,"Normal process","Auto exposure","Auto white balance",3648/3648,,Standard,,,,,,,,R98,01.00,,2816,2112,,,,,,,,,,,,,,,,,,,,,,,,,,,,,,,,1
10001375094,1,304,2,2816,2112,71.085,0,1,7,1:2:3:4:5:6:7,0:2:8704:134:19:420:362055,4:0:2:5:3:1,0:20:232:494:2494:78,0,0,0,0,0,111111101000010010000000000,0001000001101110000,0000000000000011000001000011111110110101100000000011000111101001110011001111010000000,11011,0000000000000000000000000000000,,14,547,"1 = Row 0: top, Col 0: left",180/1,180/1,Inch,1,"2013:09:07 19:26:01",,,,,Co-sited,,,"@ 0x00F0",,,,,,,,,,,,,,JPEG,,,,,,180/1,180/1,,Inch,"@ +0x13F4 = @ 0x1400","0x[00000DB4] / 3508",,,,,,,,,,,,,,,,,,,"1/100 s",F4.9,,,,,,100,,,,,02.21,"2013:09:07 19:26:01","2013:09:07 19:26:01","[Y Cb Cr .]",2/1,213/32,147/32,,"0.00 eV",147/32,,Pattern,,"Flash did not fire","19 mm",,,,,,,,,,"@ 0x02DE",,,,,01.00,sRGB,2816,2112,,"@ 0x0C9C",,,3963259/241,2972444/181,Inch,,,"One-chip color area sensor",DSC,,,"Normal process","Auto exposure","Auto white balance",3648/2592,,Standard,,,,,,,,R98,01.00,,2816,2112,,,,,,,,,,,,,,,,,,,,,,,,,,,,,,,,1
10001380394,1,304,2,3648,2736,71.085,0,1,7,1:2:3:4:5:6:7,0:2:9216:134:19:420:974996,4:0:2:5:3:1,0:20:232:494:2530:78,0,0,0,0,0,111111101000010010000000000,0001000001101110000,0000000000000011000001000011111110110101100000000011000111101001110011001111010000000,11011,0000000000000000000000000000000,,14,642,"1 = Row 0: top, Col 0: left",180/1,180/1,Inch,1,"2013:09:08 09:33:18",,,,,Co-sited,,,"@ 0x00F0",,,,,,,,,,,,,,JPEG,,,,,,180/1,180/1,,Inch,"@ +0x13F4 = @ 0x1400","0x[00000E04] / 3588",,,,,,,,,,,,,,,,,,,"1/1250 s",F4.0,,,,,,80,,,,,02.21,"2013:09:08 09:33:18","2013:09:08 09:33:18","[Y Cb Cr .]",2/1,329/32,128/32,,"0.00 eV",107/32,,Pattern,,"Flash did not fire","7 mm",,,,,,,,,,"@ 0x02DE",,,,,01.00,sRGB,3648,2736,,"@ 0x0CC0",,,3648000/226,2736000/170,Inch,,,"One-chip color area sensor",DSC,,,"Normal process","Auto exposure","Auto white balance",3648/3648,,Standard,,,,,,,,R98,01.00,,3648,2736,,,,,,,,,,,,,,,,,,,,,,,,,,,,,,,,1
10001391835,1,34,2,4288,2848,98.205,0,0,7,1:2:3:4:5:6:7,0:2:65536:134:19:420:5542067,0:2:5:3:4:1,20:220:636:35302:30:20,0,0,0,0,0,011111111000010011000000000,0001000001101110010,0000000000000011001001000011111000110111100000000011111111101000000011101111111111010,11000,1000000000000000000000000000000,,6,8,"1 = Row 0: top, Col 0: left",300/1,300/1,Inch,7,"2011:08:02 12:17:35",,,,,Co-sited,,,"@ 0x00E4","@ 0x8D64",,,,,,,,,,,,,JPEG,,,,,,300/1,300/1,,Inch,"@ +0x8DE4 = @ 0x8DF0","0x[00002513] / 9491",,,Co-sited,,,,,,,,,,,,,,,,"10/20000 s",F4.0,,,Manual,,,200,,,,,02.21,"2011:08:02 12:17:35","2011:08:02 12:17:35","[Y Cb Cr .]",4/1,,,,"0.00 eV",40/10,,Pattern,unknown,"Flash did not fire","26 mm",,,,,,,,,,"@ 0x0360",,00,00,00,01.00,sRGB,4288,2848,,"@ 0x8D46",,,,,,,,"One-chip color area sensor",DSC,"A directly photographed image",,"Normal process","Manual exposure","Auto white balance",1/1,39,Standard,0,0,0,0,,0,,R98,01.00,,,,2.2.0.0,,,,,,,,,,,,,,,,,,,,,,,,,,,,,,,1
10001393916,1,304,2,2816,2112,71.085,0,1,7,1:2:3:4:5:6:7,0:2:10240:134:19:420:567549,4:0:2:5:3:1,0:20:232:494:2494:78,0,0,0,0,0,111111101000010010000000000,0001000001101110000,0000000000000011000001000011111110110101100000000011000111101001110011001111010000000,11011,0000000000000000000000000000000,,14,547,"1 = Row 0: top, Col 0: left",180/1,180/1,Inch,1,"2013:09:07 14:21:35",,,,,Co-sited,,,"@ 0x00F0",,,,,,,,,,,,,,JPEG,,,,,,180/1,180/1,,Inch,"@ +0x13F4 = @ 0x1400","0x[00001334] / 4916",,,,,,,,,,,,,,,,,,,"1/500 s",F3.5,,,,,,100,,,,,02.21,"2013:09:07 14:21:35","2013:09:07 14:21:35","[Y Cb Cr .]",2/1,287/32,116/32,,"0.00 eV",116/32,,Pattern,,"Flash did not fire","10 mm",,,,,,,,,,"@ 0x02DE",,,,,01.00,sRGB,2816,2112,,"@ 0x0C9C",,,2816000/241,2112000/181,Inch,,,"One-chip color area sensor",DSC,,,"Normal process","Auto exposure","Auto white balance",3648/3648,,Standard,,,,,,,,R98,01.00,,2816,2112,,,,,,,,,,,,,,,,,,,,,,,,,,,,,,,,1
1000140159,1,230,2,2592,1944,92.935,0,1,7,1:2:3:5:4:6:7,0:2:35399:199:420:19:1059852,4:0:2:1:3:5,0:20:276:648:94:30,0,0,0,0,0,111111111000010010000000000,0001000001101110000,0000000000000011001001000011111000110111100000000011000111101000000001101111111111010,11000,0000000000000000000000000000000,,8,461,"1 = Row 0: top, Col 0: left",300/1,300/1,Inch,301,"2007:03:15 16:19:22",,,,,Co-sited,,,"@ 0x011C",,,,,,,,,,,,,,JPEG,,,,,,300/1,300/1,,Inch,"@ +0x11F4 = @ 0x1200","0x[00001CBC] / 7356",,,,,,,,,,,,,,,,,,,"10/685 s",F5.6,,,"Normal program",,,50,,,,,02.20,"2007:03:15 16:19:22","2007:03:15 16:19:22","[Y Cb Cr .]",4/1,,,,"0.00 eV",30/10,,Pattern,"Cloudy weather","Flash did not fire","8 mm",,,,,,,,,,"@ 0x0420",,,,,01.00,sRGB,"0x[00000A20] / 2592","0x[00000798] / 1944",,"@ 0x0402",,,,,,,,,DSC,"A directly photographed image",,"Custom process","Auto exposure","Manual white balance",0/100,50,Standard,0,0,0,0,,0,,R98,01.00,,,,,,,,,,,,,,,,,,,,,,,,,,,,,,,,,,,1
10001403505,1,34,2,3216,2136,98.205,0,0,7,1:2:3:4:5:6:7,0:2:65536:134:19:420:2486067,0:2:5:3:4:1,20:220:636:34386:30:20,0,0,0,0,0,011111111000010011000000000,0001000001101110010,0000000000000011001001000011111000110111100000000011111111101000000011101111111111010,11000,1000000000000000000000000000000,,6,291,"1 = Row 0: top, Col 0: left",300/1,300/1,Inch,7,"2013:09:29 17:34:13",,,,,Co-sited,,,"@ 0x00E4","@ 0x89D0",,,,,,,,,,,,,JPEG,,,,,,300/1,300/1,,Inch,"@ +0x8A50 = @ 0x8A5C","0x[0000258B] / 9611",,,Co-sited,,,,,,,,,,,,,,,,"50/10 s",F5.6,,,Manual,,,200,,,,,02.21,"2013:09:29 17:34:13","2013:09:29 17:34:13","[Y Cb Cr .]",4/1,,,,"0.00 eV",36/10,,Pattern,unknown,"Flash did not fire","18 mm",,,,,,,,,,"@ 0x0360",,50,50,50,01.00,sRGB,3216,2136,,"@ 0x89B2",,,,,,,,"One-chip color area sensor",DSC,"A directly photographed image",,"Normal process","Manual exposure","Auto white balance",1/1,27,Standard,0,0,0,0,,0,,R98,01.00,,,,2.2.0.0,,,,,,,,,,,,,,,,,,,,,,,,,,,,,,,1
1000140534,1,577,2,2560,1712,98.125,1,1,8,1:2:3:4:5:9:6:7,0:2:27552:134:19:420:6:2159595,4:0:2:5:3:1,0:20:410:502:5988:30,1,1,0,0,0,011111111000010010000000000,0001000001101110010,0000000000000011001001000011111000110111100000000010000111101000000011101111111111000,11000,0000000000000000000000000000000,,4,454,"1 = Row 0: top, Col 0: left",72/1,72/1,Inch,5,"2007:08:02 22:49:54",,,,,Co-sited,,,"@ 0x01A2",,,,,,,,,,,,,,JPEG,,,,,,72/1,72/1,,Inch,"@ +0x1B94 = @ 0x1BA0","0x[00002599] / 9625",,,Co-sited,,,,,,,,,,,,,,,,"150/10 s",F2.8,,,"Normal program",,,80,,,,,02.20,"2007:08:02 22:49:54","2007:08:02 22:49:54","[Y Cb Cr .]",4/1,,,,"0.00 eV",30/10,,Pattern,unknown,"Flash did not fire","5 mm",,,,,,,,,,"@ 0x0398",,,,,01.00,sRGB,"0x[00000A00] / 2560","0x[000006B0] / 1712",,"@ 0x1AFC",,,,,,,,"One-chip color area sensor",DSC,"A directly photographed image",,"Normal process","Auto exposure","Auto white balance",0/10,36,"Night scene",0,0,0,0,,,,R98,01.00,,,,,,,,,,,,,,,,,,,,,,,,,,,,,,,,,,,1
10001408585,1,34,2,3216,2136,98.205,0,0,7,1:2:3:4:5:6:7,0:2:65536:134:19:420:2574100,0:2:5:3:4:1,20:220:636:33412:32:20,0,0,0,0,0,011111111000010011000000000,0001000001101110010,0000000000000011001001000011111000110111100000000011111111101000000011101111111111010,11000,1000000000000000000000000000000,,6,291,"1 = Row 0: top, Col 0: left",300/1,300/1,Inch,7,"2013:09:29 17:32:44",,,,,Co-sited,,,"@ 0x00E4","@ 0x8604",,,,,,,,,,,,,JPEG,,,,,,300/1,300/1,,Inch,"@ +0x8684 = @ 0x8690","0x[00002528] / 9512",,,Co-sited,,,,,,,,,,,,,,,,"50/10 s",F5.6,,,Manual,,,220,,,,,02.21,"2013:09:29 17:32:44","2013:09:29 17:32:44","[Y Cb Cr .]",4/1,,,,"0.00 eV",36/10,,Pattern,unknown,"Flash did not fire","18 mm",,,,,,,,,,"@ 0x0360",,00,00,00,01.00,sRGB,3216,2136,,"@ 0x85E4",,,,,,,,"One-chip color area sensor",DSC,"A directly photographed image",,"Normal process","Manual exposure","Auto white balance",1/1,27,Standard,0,0,0,0,,0,,R98,01.00,,,,2.2.0.0,,,,,,,,,,,,,,,,,,,,,,,,,,,,,,,1
10001424665,1,304,2,3648,2736,71.085,0,1,7,1:2:3:4:5:6:7,0:2:12288:134:19:420:1940105,4:0:2:5:3:1,0:20:232:494:2530:78,0,0,0,0,0,111111101000010010000000000,0001000001101110000,0000000000000011000001000011111110110101100000000011000111101001110011001111010000000,11011,0000000000000000000000000000000,,14,642,"1 = Row 0: top, Col 0: left",180/1,180/1,Inch,1,"2013:09:09 11:18:24",,,,,Co-sited,,,"@ 0x00F0",,,,,,,,,,,,,,JPEG,,,,,,180/1,180/1,,Inch,"@ +0x13F4 = @ 0x1400","0x[00001AE6] / 6886",,,,,,,,,,,,,,,,,,,"1/400 s",F4.0,,,,,,80,,,,,02.21,"2013:09:09 11:18:24","2013:09:09 11:18:24","[Y Cb Cr .]",2/1,277/32,128/32,,"0.00 eV",128/32,,Pattern,,"Flash did not fire","47 mm",,,,,,,,,,"@ 0x02DE",,,,,01.00,sRGB,3648,2736,,"@ 0x0CC0",,,3648000/226,2736000/170,Inch,,,"One-chip color area sensor",DSC,,,"Normal process","Auto exposure","Auto white balance",3648/3648,,Standard,,,,,,,,R98,01.00,,3648,2736,,,,,,,,,,,,,,,,,,,,,,,,,,,,,,,,1
10001425346,1,34,2,4288,2848,98.205,0,0,7,1:2:3:4:5:6:7,0:2:65536:134:19:420:5506476,0:2:5:3:4:1,20:220:636:33300:32:20,0,0,0,0,0,011111111000010011000000000,0001000001101110010,0000000000000011001001000011111000110111100000000011111111101000000011101111111111010,11000,1000000000000000000000000000000,,6,8,"1 = Row 0: top, Col 0: left",300/1,300/1,Inch,7,"2011:08:03 09:38:24",,,,,Co-sited,,,"@ 0x00E4","@ 0x8594",,,,,,,,,,,,,JPEG,,,,,,300/1,300/1,,Inch,"@ +0x8614 = @ 0x8620","0x[0000225A] / 8794",,,Co-sited,,,,,,,,,,,,,,,,"10/40000 s",F3.5,,,Manual,,,200,,,,,02.21,"2011:08:03 09:38:24","2011:08:03 09:38:24","[Y Cb Cr .]",4/1,,,,"0.00 eV",36/10,,Pattern,unknown,"Flash did not fire","18 mm",,,,,,,,,,"@ 0x0360",,00,00,00,01.00,sRGB,4288,2848,,"@ 0x8574",,,,,,,,"One-chip color area sensor",DSC,"A directly photographed image",,"Normal process","Manual exposure","Auto white balance",1/1,27,Standard,0,0,0,0,,0,,R98,01.00,,,,2.2.0.0,,,,,,,,,,,,,,,,,,,,,,,,,,,,,,,1
1000143713,1,230,2,2592,1944,92.935,0,1,7,1:2:3:5:4:6:7,0:2:35399:199:420:19:1249842,4:0:2:1:3:5,0:20:276:648:94:30,0,0,0,0,0,111111111000010010000000000,0001000001101110000,0000000000000011001001000011111000110111100000000011000111101000000001101111111111010,11000,0000000000000000000000000000000,,8,461,"1 = Row 0: top, Col 0: left",300/1,300/1,Inch,301,"2007:03:15 17:03:11",,,,,Co-sited,,,"@ 0x011C",,,,,,,,,,,,,,JPEG,,,,,,300/1,300/1,,Inch,"@ +0x11F4 = @ 0x1200","0x[00002046] / 8262",,,,,,,,,,,,,,,,,,,"10/33 s",F2.9,,,"Normal program",,,58,,,,,02.20,"2007:03:15 17:03:11","2007:03:15 17:03:11","[Y Cb Cr .]",4/1,,,,"0.00 eV",30/10,,Pattern,"Cloudy weather","Flash did not fire","6 mm",,,,,,,,,,"@ 0x0420",,,,,01.00,sRGB,"0x[00000A20] / 2592","0x[00000798] / 1944",,"@ 0x0402",,,,,,,,,DSC,"A directly photographed image",,"Custom process","Auto exposure","Manual white balance",0/100,34,Standard,1,0,0,0,,0,,R98,01.00,,,,,,,,,,,,,,,,,,,,,,,,,,,,,,,,,,,1
1000144355,1,230,2,2592,1944,92.935,0,1,7,1:2:3:5:4:6:7,0:2:35399:199:420:19:981484,4:0:2:1:3:5,0:20:276:648:94:30,0,0,0,0,0,111111111000010010000000000,0001000001101110000,0000000000000011001001000011111000110111100000000011000111101000000001101111111111010,11000,0000000000000000000000000000000,,8,461,"1 = Row 0: top, Col 0: left",300/1,300/1,Inch,301,"2007:03:15 17:03:25",,,,,Co-sited,,,"@ 0x011C",,,,,,,,,,,,,,JPEG,,,,,,300/1,300/1,,Inch,"@ +0x11F4 = @ 0x1200","0x[000023F3] / 9203",,,,,,,,,,,,,,,,,,,"10/29 s",F2.9,,,"Normal program",,,50,,,,,02.20,"2007:03:15 17:03:25","2007:03:15 17:03:25","[Y Cb Cr .]",4/1,,,,"0.00 eV",30/10,,Pattern,"Cloudy weather","Flash did not fire","6 mm",,,,,,,,,,"@ 0x0420",,,,,01.00,sRGB,"0x[00000A20] / 2592","0x[00000798] / 1944",,"@ 0x0402",,,,,,,,,DSC,"A directly photographed image",,"Custom process","Auto exposure","Manual white balance",0/100,34,Standard,0,0,0,0,,0,,R98,01.00,,,,,,,,,,,,,,,,,,,,,,,,,,,,,,,,,,,1
10001447916,1,304,2,3648,2736,71.085,0,1,7,1:2:3:4:5:6:7,0:2:10752:134:19:420:1151574,4:0:2:5:3:1,0:20:232:494:2530:78,0,0,0,0,0,111111101000010010000000000,0001000001101110000,0000000000000011000001000011111110110101100000000011000111101001110011001111010000000,11011,0000000000000000000000000000000,,14,642,"1 = Row 0: top, Col 0: left",180/1,180/1,Inch,1,"2013:09:08 14:53:32",,,,,Co-sited,,,"@ 0x00F0",,,,,,,,,,,,,,JPEG,,,,,,180/1,180/1,,Inch,"@ +0x13F4 = @ 0x1400","0x[00001509] / 5385",,,,,,,,,,,,,,,,,,,"1/1250 s",F4.5,,,,,,80,,,,,02.21,"2013:09:08 14:53:32","2013:09:08 14:53:32","[Y Cb Cr .]",2/1,329/32,139/32,,"0.00 eV",95/32,,Pattern,,"Flash did not fire","6 mm",,,,,,,,,,"@ 0x02DE",,,,,01.00,sRGB,3648,2736,,"@ 0x0CC0",,,3648000/226,2736000/170,Inch,,,"One-chip color area sensor",DSC,,,"Normal process","Auto exposure","Auto white balance",3648/3648,,Standard,,,,,,,,R98,01.00,,3648,2736,,,,,,,,,,,,,,,,,,,,,,,,,,,,,,,,1
10001450664,1,374,2,4288,2848,98.57499999999999,0,0,7,1:2:3:4:5:6:7,0:2:65536:134:19:420:5457279,0:2:5:3:4:1,20:340:636:33398:30:20,0,0,0,0,0,011111111100010111000000000,0001000001101110010,0000000000000011001001000011111000110111100000000011111111101000000011101111111111010,11000,1000000000000000000000000000000,,6,415,"1 = Row 0: top, Col 0: left",300/1,300/1,Inch,13,"2013:09:29 15:47:42","PIM STOUTEN",,,,Co-sited,,"PIM STOUTEN","@ 0x015C","@ 0x866C",,,,,,,,,,,,,JPEG,,,,,,300/1,300/1,,Inch,"@ +0x86EC = @ 0x86F8","0x[000024E4] / 9444",,,Co-sited,,,,,,,,,,,,,,,,"10/400 s",F4.2,,,"Normal program",,,1000,,,,,02.21,"2013:09:29 15:47:42","2013:09:29 15:47:42","[Y Cb Cr .]",4/1,,,,"0.00 eV",41/10,,Pattern,unknown,"Flash did not fire","35 mm",,,,,,,,,,"@ 0x03D8",,91,91,91,01.00,sRGB,4288,2848,,"@ 0x864E",,,,,,,,"One-chip color area sensor",DSC,"A directly photographed image",,"Normal process","Auto exposure","Auto white balance",1/1,52,Standard,2,0,0,0,,0,,R98,01.00,,,,2.2.0.0,,,,,,,,,,,,,,,,,,,,,,,,,,,,,,,1
10001452943,1,304,2,2816,2112,71.085,0,1,7,1:2:3:4:5:6:7,0:2:9216:134:19:420:381486,4:0:2:5:3:1,0:20:232:494:2494:78,0,0,0,0,0,111111101000010010000000000,0001000001101110000,0000000000000011000001000011111110110101100000000011000111101001110011001111010000000,11011,0000000000000000000000000000000,,14,547,"1 = Row 0: top, Col 0: left",180/1,180/1,Inch,1,"2013:09:07 12:23:47",,,,,Co-sited,,,"@ 0x00F0",,,,,,,,,,,,,,JPEG,,,,,,180/1,180/1,,Inch,"@ +0x13F4 = @ 0x1400","0x[00000E0E] / 3598",,,,,,,,,,,,,,,,,,,"1/800 s",F4.9,,,,,,80,,,,,02.21,"2013:09:07 12:23:47","2013:09:07 12:23:47","[Y Cb Cr .]",2/1,309/32,147/32,,"0.00 eV",147/32,,Pattern,,"Flash did not fire","19 mm",,,,,,,,,,"@ 0x02DE",,,,,01.00,sRGB,2816,2112,,"@ 0x0C9C",,,3963259/241,2972444/181,Inch,,,"One-chip color area sensor",DSC,,,"Normal process","Auto exposure","Auto white balance",3648/2592,,Standard,,,,,,,,R98,01.00,,2816,2112,,,,,,,,,,,,,,,,,,,,,,,,,,,,,,,,1
10001453056,1,304,2,2816,2112,71.085,0,1,7,1:2:3:4:5:6:7,0:2:9728:134:19:420:412800,4:0:2:5:3:1,0:20:232:494:2494:78,0,0,0,0,0,111111101000010010000000000,0001000001101110000,0000000000000011000001000011111110110101100000000011000111101001110011001111010000000,11011,0000000000000000000000000000000,,14,547,"1 = Row 0: top, Col 0: left",180/1,180/1,Inch,1,"2013:09:08 18:38:24",,,,,Co-sited,,,"@ 0x00F0",,,,,,,,,,,,,,JPEG,,,,,,180/1,180/1,,Inch,"@ +0x13F4 = @ 0x1400","0x[000010F5] / 4341",,,,,,,,,,,,,,,,,,,"1/1000 s",F4.9,,,,,,80,,,,,02.21,"2013:09:08 18:38:24","2013:09:08 18:38:24","[Y Cb Cr .]",2/1,319/32,147/32,,"0.00 eV",147/32,,Pattern,,"Flash did not fire","19 mm",,,,,,,,,,"@ 0x02DE",,,,,01.00,sRGB,2816,2112,,"@ 0x0C9C",,,2816000/241,2112000/181,Inch,,,"One-chip color area sensor",DSC,,,"Normal process","Auto exposure","Auto white balance",3648/3648,,Standard,,,,,,,,R98,01.00,,2816,2112,,,,,,,,,,,,,,,,,,,,,,,,,,,,,,,,1
